id,firstname,lastname,email,email2,profession
100,Clementine,McLaughlin,Clementine.McLaughlin@yopmail.com,Clementine.McLaughlin@gmail.com,firefighter
101,Teddie,Cressida,Teddie.Cressida@yopmail.com,Teddie.Cressida@gmail.com,police officer
102,Bernie,Halla,Bernie.Halla@yopmail.com,Bernie.Halla@gmail.com,doctor
103,Gwyneth,Kress,Gwyneth.Kress@yopmail.com,Gwyneth.Kress@gmail.com,developer
104,Clo,Schonfeld,Clo.Schonfeld@yopmail.com,Clo.Schonfeld@gmail.com,doctor
105,Myrtice,Damarra,Myrtice.Damarra@yopmail.com,Myrtice.Damarra@gmail.com,worker
106,Kylynn,Lindemann,Kylynn.Lindemann@yopmail.com,Kylynn.Lindemann@gmail.com,doctor
107,Dale,Atcliffe,Dale.Atcliffe@yopmail.com,Dale.Atcliffe@gmail.com,firefighter
108,Heida,Colp,Heida.Colp@yopmail.com,Heida.Colp@gmail.com,firefighter
109,Vevay,Mauer,Vevay.Mauer@yopmail.com,Vevay.Mauer@gmail.com,police officer
110,Sheree,Primalia,Sheree.Primalia@yopmail.com,Sheree.Primalia@gmail.com,police officer
111,Blake,Bahr,Blake.Bahr@yopmail.com,Blake.Bahr@gmail.com,worker
112,Barbi,Anestassia,Barbi.Anestassia@yopmail.com,Barbi.Anestassia@gmail.com,police officer
113,Correy,Sidonius,Correy.Sidonius@yopmail.com,Correy.Sidonius@gmail.com,police officer
114,Harmonia,Warthman,Harmonia.Warthman@yopmail.com,Harmonia.Warthman@gmail.com,police officer
115,Corina,Keily,Corina.Keily@yopmail.com,Corina.Keily@gmail.com,worker
116,Oralee,Loleta,Oralee.Loleta@yopmail.com,Oralee.Loleta@gmail.com,firefighter
117,Ardeen,Buttaro,Ardeen.Buttaro@yopmail.com,Ardeen.Buttaro@gmail.com,firefighter
118,Allis,Waldron,Allis.Waldron@yopmail.com,Allis.Waldron@gmail.com,firefighter
119,Lily,Kat,Lily.Kat@yopmail.com,Lily.Kat@gmail.com,doctor
120,Debee,Lorain,Debee.Lorain@yopmail.com,Debee.Lorain@gmail.com,firefighter
121,Rori,Libna,Rori.Libna@yopmail.com,Rori.Libna@gmail.com,developer
122,Tybie,Bahr,Tybie.Bahr@yopmail.com,Tybie.Bahr@gmail.com,developer
123,Chere,Turne,Chere.Turne@yopmail.com,Chere.Turne@gmail.com,police officer
124,Dacia,Devlen,Dacia.Devlen@yopmail.com,Dacia.Devlen@gmail.com,doctor
125,Celene,Jotham,Celene.Jotham@yopmail.com,Celene.Jotham@gmail.com,developer
126,Jorry,Casimir,Jorry.Casimir@yopmail.com,Jorry.Casimir@gmail.com,developer
127,Gwenneth,Parsaye,Gwenneth.Parsaye@yopmail.com,Gwenneth.Parsaye@gmail.com,police officer
128,Bill,Melleta,Bill.Melleta@yopmail.com,Bill.Melleta@gmail.com,doctor
129,Courtnay,Agle,Courtnay.Agle@yopmail.com,Courtnay.Agle@gmail.com,developer
130,Lyssa,Hylan,Lyssa.Hylan@yopmail.com,Lyssa.Hylan@gmail.com,firefighter
131,Katleen,Abbot,Katleen.Abbot@yopmail.com,Katleen.Abbot@gmail.com,police officer
132,Sue,Lipson,Sue.Lipson@yopmail.com,Sue.Lipson@gmail.com,firefighter
133,Carlie,Marisa,Carlie.Marisa@yopmail.com,Carlie.Marisa@gmail.com,police officer
134,Rivalee,Creamer,Rivalee.Creamer@yopmail.com,Rivalee.Creamer@gmail.com,firefighter
135,Taffy,Berl,Taffy.Berl@yopmail.com,Taffy.Berl@gmail.com,firefighter
136,Teddie,Hertzfeld,Teddie.Hertzfeld@yopmail.com,Teddie.Hertzfeld@gmail.com,firefighter
137,Ilse,Mozelle,Ilse.Mozelle@yopmail.com,Ilse.Mozelle@gmail.com,police officer
138,Kary,Hartnett,Kary.Hartnett@yopmail.com,Kary.Hartnett@gmail.com,firefighter
139,Emelina,Dowski,Emelina.Dowski@yopmail.com,Emelina.Dowski@gmail.com,doctor
140,Kirstin,Braun,Kirstin.Braun@yopmail.com,Kirstin.Braun@gmail.com,firefighter
141,Dyann,Briney,Dyann.Briney@yopmail.com,Dyann.Briney@gmail.com,developer
142,Fayre,Lumbard,Fayre.Lumbard@yopmail.com,Fayre.Lumbard@gmail.com,worker
143,Aeriela,Corilla,Aeriela.Corilla@yopmail.com,Aeriela.Corilla@gmail.com,doctor
144,Cathyleen,Boehike,Cathyleen.Boehike@yopmail.com,Cathyleen.Boehike@gmail.com,worker
145,Modestia,Hieronymus,Modestia.Hieronymus@yopmail.com,Modestia.Hieronymus@gmail.com,police officer
146,Lynnea,Mott,Lynnea.Mott@yopmail.com,Lynnea.Mott@gmail.com,doctor
147,Brena,Joeann,Brena.Joeann@yopmail.com,Brena.Joeann@gmail.com,worker
148,Adele,Bonucci,Adele.Bonucci@yopmail.com,Adele.Bonucci@gmail.com,police officer
149,Kylynn,Cullin,Kylynn.Cullin@yopmail.com,Kylynn.Cullin@gmail.com,police officer
150,Lynea,Beniamino,Lynea.Beniamino@yopmail.com,Lynea.Beniamino@gmail.com,police officer
151,Johna,Brandice,Johna.Brandice@yopmail.com,Johna.Brandice@gmail.com,doctor
152,Ethel,Wattenberg,Ethel.Wattenberg@yopmail.com,Ethel.Wattenberg@gmail.com,firefighter
153,Fidelia,Seumas,Fidelia.Seumas@yopmail.com,Fidelia.Seumas@gmail.com,police officer
154,Karina,Millda,Karina.Millda@yopmail.com,Karina.Millda@gmail.com,police officer
155,Collen,Phi,Collen.Phi@yopmail.com,Collen.Phi@gmail.com,developer
156,Malina,Luhe,Malina.Luhe@yopmail.com,Malina.Luhe@gmail.com,police officer
157,Bernardine,Lalitta,Bernardine.Lalitta@yopmail.com,Bernardine.Lalitta@gmail.com,firefighter
158,Britni,Auberbach,Britni.Auberbach@yopmail.com,Britni.Auberbach@gmail.com,developer
159,Asia,Lubin,Asia.Lubin@yopmail.com,Asia.Lubin@gmail.com,police officer
160,Dyann,Pauly,Dyann.Pauly@yopmail.com,Dyann.Pauly@gmail.com,doctor
161,Daune,Jacobah,Daune.Jacobah@yopmail.com,Daune.Jacobah@gmail.com,police officer
162,Myriam,Ackerley,Myriam.Ackerley@yopmail.com,Myriam.Ackerley@gmail.com,firefighter
163,Jean,Sinegold,Jean.Sinegold@yopmail.com,Jean.Sinegold@gmail.com,developer
164,Marika,Merat,Marika.Merat@yopmail.com,Marika.Merat@gmail.com,police officer
165,Elie,Rogerio,Elie.Rogerio@yopmail.com,Elie.Rogerio@gmail.com,developer
166,Lynnea,Jerald,Lynnea.Jerald@yopmail.com,Lynnea.Jerald@gmail.com,developer
167,Ebonee,Dunkin,Ebonee.Dunkin@yopmail.com,Ebonee.Dunkin@gmail.com,police officer
168,Aigneis,Rooney,Aigneis.Rooney@yopmail.com,Aigneis.Rooney@gmail.com,police officer
169,Harrietta,Radu,Harrietta.Radu@yopmail.com,Harrietta.Radu@gmail.com,worker
170,Violet,Forrer,Violet.Forrer@yopmail.com,Violet.Forrer@gmail.com,police officer
171,Jaclyn,Silvan,Jaclyn.Silvan@yopmail.com,Jaclyn.Silvan@gmail.com,firefighter
172,Quintina,Shama,Quintina.Shama@yopmail.com,Quintina.Shama@gmail.com,police officer
173,Vita,Yoko,Vita.Yoko@yopmail.com,Vita.Yoko@gmail.com,firefighter
174,Melanie,Jagir,Melanie.Jagir@yopmail.com,Melanie.Jagir@gmail.com,developer
175,Renae,Ahab,Renae.Ahab@yopmail.com,Renae.Ahab@gmail.com,worker
176,Lanna,Roxanna,Lanna.Roxanna@yopmail.com,Lanna.Roxanna@gmail.com,firefighter
177,Suzette,Briney,Suzette.Briney@yopmail.com,Suzette.Briney@gmail.com,firefighter
178,Lisette,Goldina,Lisette.Goldina@yopmail.com,Lisette.Goldina@gmail.com,firefighter
179,Penelopa,Lemuela,Penelopa.Lemuela@yopmail.com,Penelopa.Lemuela@gmail.com,firefighter
180,Myriam,Jarib,Myriam.Jarib@yopmail.com,Myriam.Jarib@gmail.com,developer
181,Kristina,Kesley,Kristina.Kesley@yopmail.com,Kristina.Kesley@gmail.com,firefighter
182,Silvana,Hoenack,Silvana.Hoenack@yopmail.com,Silvana.Hoenack@gmail.com,firefighter
183,Winny,Strephon,Winny.Strephon@yopmail.com,Winny.Strephon@gmail.com,worker
184,Catharine,Gower,Catharine.Gower@yopmail.com,Catharine.Gower@gmail.com,firefighter
185,Hildegaard,Tillford,Hildegaard.Tillford@yopmail.com,Hildegaard.Tillford@gmail.com,firefighter
186,Tracey,Old,Tracey.Old@yopmail.com,Tracey.Old@gmail.com,developer
187,Flory,Sothena,Flory.Sothena@yopmail.com,Flory.Sothena@gmail.com,developer
188,Carree,Iphlgenia,Carree.Iphlgenia@yopmail.com,Carree.Iphlgenia@gmail.com,worker
189,Frank,Sperling,Frank.Sperling@yopmail.com,Frank.Sperling@gmail.com,police officer
190,Lanna,Astra,Lanna.Astra@yopmail.com,Lanna.Astra@gmail.com,doctor
191,Andeee,Roarke,Andeee.Roarke@yopmail.com,Andeee.Roarke@gmail.com,firefighter
192,Kristan,Gahl,Kristan.Gahl@yopmail.com,Kristan.Gahl@gmail.com,doctor
193,Mireielle,Chobot,Mireielle.Chobot@yopmail.com,Mireielle.Chobot@gmail.com,worker
194,Collen,Mayeda,Collen.Mayeda@yopmail.com,Collen.Mayeda@gmail.com,developer
195,Annecorinne,Curren,Annecorinne.Curren@yopmail.com,Annecorinne.Curren@gmail.com,firefighter
196,Asia,Erminia,Asia.Erminia@yopmail.com,Asia.Erminia@gmail.com,developer
197,Tracey,Mata,Tracey.Mata@yopmail.com,Tracey.Mata@gmail.com,police officer
198,Candi,Cleo,Candi.Cleo@yopmail.com,Candi.Cleo@gmail.com,developer
199,Andeee,Telfer,Andeee.Telfer@yopmail.com,Andeee.Telfer@gmail.com,doctor
200,Amalie,Garlinda,Amalie.Garlinda@yopmail.com,Amalie.Garlinda@gmail.com,developer
201,Kayla,Corabella,Kayla.Corabella@yopmail.com,Kayla.Corabella@gmail.com,firefighter
202,Rayna,Sisile,Rayna.Sisile@yopmail.com,Rayna.Sisile@gmail.com,firefighter
203,Catrina,Sherfield,Catrina.Sherfield@yopmail.com,Catrina.Sherfield@gmail.com,worker
204,Jorry,Septima,Jorry.Septima@yopmail.com,Jorry.Septima@gmail.com,doctor
205,Penelopa,Garek,Penelopa.Garek@yopmail.com,Penelopa.Garek@gmail.com,developer
206,Shirlee,Delp,Shirlee.Delp@yopmail.com,Shirlee.Delp@gmail.com,firefighter
207,Bobinette,Maples,Bobinette.Maples@yopmail.com,Bobinette.Maples@gmail.com,firefighter
208,Hildegaard,Bouchard,Hildegaard.Bouchard@yopmail.com,Hildegaard.Bouchard@gmail.com,developer
209,Amalie,Arathorn,Amalie.Arathorn@yopmail.com,Amalie.Arathorn@gmail.com,police officer
210,Noelle,Fry,Noelle.Fry@yopmail.com,Noelle.Fry@gmail.com,worker
211,Kerrin,Lumbard,Kerrin.Lumbard@yopmail.com,Kerrin.Lumbard@gmail.com,developer
212,Trixi,Liva,Trixi.Liva@yopmail.com,Trixi.Liva@gmail.com,worker
213,Celestyna,Garbe,Celestyna.Garbe@yopmail.com,Celestyna.Garbe@gmail.com,doctor
214,Hannis,Erlandson,Hannis.Erlandson@yopmail.com,Hannis.Erlandson@gmail.com,doctor
215,Nanete,Edison,Nanete.Edison@yopmail.com,Nanete.Edison@gmail.com,doctor
216,Edyth,Abram,Edyth.Abram@yopmail.com,Edyth.Abram@gmail.com,worker
217,Giustina,Gino,Giustina.Gino@yopmail.com,Giustina.Gino@gmail.com,police officer
218,Amii,Ambrosia,Amii.Ambrosia@yopmail.com,Amii.Ambrosia@gmail.com,worker
219,Jerry,Radu,Jerry.Radu@yopmail.com,Jerry.Radu@gmail.com,firefighter
220,Noelle,Codding,Noelle.Codding@yopmail.com,Noelle.Codding@gmail.com,firefighter
221,Magdalena,Lane,Magdalena.Lane@yopmail.com,Magdalena.Lane@gmail.com,police officer
222,Katharina,Behre,Katharina.Behre@yopmail.com,Katharina.Behre@gmail.com,developer
223,Genevra,Sholley,Genevra.Sholley@yopmail.com,Genevra.Sholley@gmail.com,doctor
224,Aurore,Jethro,Aurore.Jethro@yopmail.com,Aurore.Jethro@gmail.com,worker
225,Lita,Lilas,Lita.Lilas@yopmail.com,Lita.Lilas@gmail.com,firefighter
226,Claudina,Emmy,Claudina.Emmy@yopmail.com,Claudina.Emmy@gmail.com,firefighter
227,Trixi,Erskine,Trixi.Erskine@yopmail.com,Trixi.Erskine@gmail.com,firefighter
228,Iseabal,Alabaster,Iseabal.Alabaster@yopmail.com,Iseabal.Alabaster@gmail.com,doctor
229,Tomasina,Pandolfi,Tomasina.Pandolfi@yopmail.com,Tomasina.Pandolfi@gmail.com,firefighter
230,Alameda,Publia,Alameda.Publia@yopmail.com,Alameda.Publia@gmail.com,doctor
231,Sheelagh,Shaddock,Sheelagh.Shaddock@yopmail.com,Sheelagh.Shaddock@gmail.com,doctor
232,Jessamyn,Stuart,Jessamyn.Stuart@yopmail.com,Jessamyn.Stuart@gmail.com,police officer
233,Claudina,Letsou,Claudina.Letsou@yopmail.com,Claudina.Letsou@gmail.com,developer
234,Aeriela,Tengdin,Aeriela.Tengdin@yopmail.com,Aeriela.Tengdin@gmail.com,worker
235,Shandie,Newell,Shandie.Newell@yopmail.com,Shandie.Newell@gmail.com,doctor
236,Constance,Friede,Constance.Friede@yopmail.com,Constance.Friede@gmail.com,developer
237,Kirstin,Luhe,Kirstin.Luhe@yopmail.com,Kirstin.Luhe@gmail.com,worker
238,Myriam,Nunci,Myriam.Nunci@yopmail.com,Myriam.Nunci@gmail.com,police officer
239,Lynea,Melony,Lynea.Melony@yopmail.com,Lynea.Melony@gmail.com,police officer
240,Roseline,Vins,Roseline.Vins@yopmail.com,Roseline.Vins@gmail.com,developer
241,Dorice,Tarrant,Dorice.Tarrant@yopmail.com,Dorice.Tarrant@gmail.com,firefighter
242,Carlie,Nisbet,Carlie.Nisbet@yopmail.com,Carlie.Nisbet@gmail.com,police officer
243,Jsandye,Karl,Jsandye.Karl@yopmail.com,Jsandye.Karl@gmail.com,police officer
244,Kayla,Mich,Kayla.Mich@yopmail.com,Kayla.Mich@gmail.com,doctor
245,Priscilla,Lail,Priscilla.Lail@yopmail.com,Priscilla.Lail@gmail.com,worker
246,Catrina,Hailee,Catrina.Hailee@yopmail.com,Catrina.Hailee@gmail.com,worker
247,Edee,Cordi,Edee.Cordi@yopmail.com,Edee.Cordi@gmail.com,worker
248,Luci,Vacuva,Luci.Vacuva@yopmail.com,Luci.Vacuva@gmail.com,firefighter
249,Allis,Read,Allis.Read@yopmail.com,Allis.Read@gmail.com,police officer
250,Nyssa,Ricarda,Nyssa.Ricarda@yopmail.com,Nyssa.Ricarda@gmail.com,worker
251,Leontine,Tillford,Leontine.Tillford@yopmail.com,Leontine.Tillford@gmail.com,firefighter
252,Letizia,Shirberg,Letizia.Shirberg@yopmail.com,Letizia.Shirberg@gmail.com,firefighter
253,Eve,Lissi,Eve.Lissi@yopmail.com,Eve.Lissi@gmail.com,worker
254,Regina,Stacy,Regina.Stacy@yopmail.com,Regina.Stacy@gmail.com,developer
255,Phylis,Posner,Phylis.Posner@yopmail.com,Phylis.Posner@gmail.com,police officer
256,Bernardine,Tristram,Bernardine.Tristram@yopmail.com,Bernardine.Tristram@gmail.com,police officer
257,Constance,Beebe,Constance.Beebe@yopmail.com,Constance.Beebe@gmail.com,police officer
258,Kate,Raseda,Kate.Raseda@yopmail.com,Kate.Raseda@gmail.com,doctor
259,Feliza,Poppy,Feliza.Poppy@yopmail.com,Feliza.Poppy@gmail.com,worker
260,Sashenka,Bonucci,Sashenka.Bonucci@yopmail.com,Sashenka.Bonucci@gmail.com,developer
261,Carree,Yerkovich,Carree.Yerkovich@yopmail.com,Carree.Yerkovich@gmail.com,doctor
262,Randa,Bethany,Randa.Bethany@yopmail.com,Randa.Bethany@gmail.com,police officer
263,Ada,Catie,Ada.Catie@yopmail.com,Ada.Catie@gmail.com,doctor
264,Fanchon,Tannie,Fanchon.Tannie@yopmail.com,Fanchon.Tannie@gmail.com,worker
265,Doralynne,Gaynor,Doralynne.Gaynor@yopmail.com,Doralynne.Gaynor@gmail.com,worker
266,Jenilee,Catie,Jenilee.Catie@yopmail.com,Jenilee.Catie@gmail.com,firefighter
267,Pollyanna,Ventre,Pollyanna.Ventre@yopmail.com,Pollyanna.Ventre@gmail.com,doctor
268,Merci,Ethban,Merci.Ethban@yopmail.com,Merci.Ethban@gmail.com,developer
269,Marylou,Orlene,Marylou.Orlene@yopmail.com,Marylou.Orlene@gmail.com,doctor
270,Ursulina,Suzetta,Ursulina.Suzetta@yopmail.com,Ursulina.Suzetta@gmail.com,firefighter
271,Elie,Mehalek,Elie.Mehalek@yopmail.com,Elie.Mehalek@gmail.com,developer
272,Aili,Chinua,Aili.Chinua@yopmail.com,Aili.Chinua@gmail.com,worker
273,Anthia,Nelsen,Anthia.Nelsen@yopmail.com,Anthia.Nelsen@gmail.com,worker
274,Rhea,Daveta,Rhea.Daveta@yopmail.com,Rhea.Daveta@gmail.com,police officer
275,Chandra,Reneta,Chandra.Reneta@yopmail.com,Chandra.Reneta@gmail.com,firefighter
276,Asia,Fitzsimmons,Asia.Fitzsimmons@yopmail.com,Asia.Fitzsimmons@gmail.com,police officer
277,Sheelagh,Baudin,Sheelagh.Baudin@yopmail.com,Sheelagh.Baudin@gmail.com,doctor
278,Arabel,Schonfeld,Arabel.Schonfeld@yopmail.com,Arabel.Schonfeld@gmail.com,firefighter
279,Olwen,Mozelle,Olwen.Mozelle@yopmail.com,Olwen.Mozelle@gmail.com,doctor
280,Bettine,Bakerman,Bettine.Bakerman@yopmail.com,Bettine.Bakerman@gmail.com,developer
281,Rebeca,Shirberg,Rebeca.Shirberg@yopmail.com,Rebeca.Shirberg@gmail.com,police officer
282,Magdalena,Boycey,Magdalena.Boycey@yopmail.com,Magdalena.Boycey@gmail.com,firefighter
283,Yolane,Wyn,Yolane.Wyn@yopmail.com,Yolane.Wyn@gmail.com,worker
284,Pierette,Shaver,Pierette.Shaver@yopmail.com,Pierette.Shaver@gmail.com,developer
285,Chloris,Kalinda,Chloris.Kalinda@yopmail.com,Chloris.Kalinda@gmail.com,worker
286,Nataline,Alice,Nataline.Alice@yopmail.com,Nataline.Alice@gmail.com,worker
287,Barbi,Lea,Barbi.Lea@yopmail.com,Barbi.Lea@gmail.com,worker
288,Frank,Martguerita,Frank.Martguerita@yopmail.com,Frank.Martguerita@gmail.com,doctor
289,Alyda,Bergman,Alyda.Bergman@yopmail.com,Alyda.Bergman@gmail.com,developer
290,Charissa,Baudin,Charissa.Baudin@yopmail.com,Charissa.Baudin@gmail.com,police officer
291,Carlie,Bebe,Carlie.Bebe@yopmail.com,Carlie.Bebe@gmail.com,firefighter
292,Jillayne,Cavan,Jillayne.Cavan@yopmail.com,Jillayne.Cavan@gmail.com,police officer
293,Karena,Keelia,Karena.Keelia@yopmail.com,Karena.Keelia@gmail.com,police officer
294,Gui,Schonfeld,Gui.Schonfeld@yopmail.com,Gui.Schonfeld@gmail.com,firefighter
295,Joane,Alexandr,Joane.Alexandr@yopmail.com,Joane.Alexandr@gmail.com,doctor
296,Janey,Ursulette,Janey.Ursulette@yopmail.com,Janey.Ursulette@gmail.com,firefighter
297,Shaine,Carey,Shaine.Carey@yopmail.com,Shaine.Carey@gmail.com,firefighter
298,Shell,Pulsifer,Shell.Pulsifer@yopmail.com,Shell.Pulsifer@gmail.com,worker
299,Patricia,Garbe,Patricia.Garbe@yopmail.com,Patricia.Garbe@gmail.com,worker
300,Correy,Taam,Correy.Taam@yopmail.com,Correy.Taam@gmail.com,developer
301,Concettina,Cherianne,Concettina.Cherianne@yopmail.com,Concettina.Cherianne@gmail.com,police officer
302,Jasmina,Pauly,Jasmina.Pauly@yopmail.com,Jasmina.Pauly@gmail.com,worker
303,Iseabal,Kalinda,Iseabal.Kalinda@yopmail.com,Iseabal.Kalinda@gmail.com,police officer
304,Jacenta,Carolin,Jacenta.Carolin@yopmail.com,Jacenta.Carolin@gmail.com,police officer
305,Tatiania,Hirsch,Tatiania.Hirsch@yopmail.com,Tatiania.Hirsch@gmail.com,police officer
306,Dawn,Wittie,Dawn.Wittie@yopmail.com,Dawn.Wittie@gmail.com,police officer
307,Cyndie,Socha,Cyndie.Socha@yopmail.com,Cyndie.Socha@gmail.com,doctor
308,Aaren,Silvan,Aaren.Silvan@yopmail.com,Aaren.Silvan@gmail.com,developer
309,Stephanie,Jorgan,Stephanie.Jorgan@yopmail.com,Stephanie.Jorgan@gmail.com,police officer
310,Joeann,Lytton,Joeann.Lytton@yopmail.com,Joeann.Lytton@gmail.com,worker
311,Livvyy,Sasnett,Livvyy.Sasnett@yopmail.com,Livvyy.Sasnett@gmail.com,firefighter
312,Collen,Bobbee,Collen.Bobbee@yopmail.com,Collen.Bobbee@gmail.com,firefighter
313,Celisse,Bandeen,Celisse.Bandeen@yopmail.com,Celisse.Bandeen@gmail.com,worker
314,Adelle,Raychel,Adelle.Raychel@yopmail.com,Adelle.Raychel@gmail.com,police officer
315,Ernesta,Anyah,Ernesta.Anyah@yopmail.com,Ernesta.Anyah@gmail.com,worker
316,Eadie,Shuler,Eadie.Shuler@yopmail.com,Eadie.Shuler@gmail.com,doctor
317,Bill,Decato,Bill.Decato@yopmail.com,Bill.Decato@gmail.com,worker
318,Laure,Bultman,Laure.Bultman@yopmail.com,Laure.Bultman@gmail.com,developer
319,Mariann,Donell,Mariann.Donell@yopmail.com,Mariann.Donell@gmail.com,police officer
320,Angelique,Dielu,Angelique.Dielu@yopmail.com,Angelique.Dielu@gmail.com,doctor
321,Henriette,Rustice,Henriette.Rustice@yopmail.com,Henriette.Rustice@gmail.com,doctor
322,Kamilah,Scammon,Kamilah.Scammon@yopmail.com,Kamilah.Scammon@gmail.com,worker
323,Melanie,Stanwood,Melanie.Stanwood@yopmail.com,Melanie.Stanwood@gmail.com,police officer
324,Nananne,Goode,Nananne.Goode@yopmail.com,Nananne.Goode@gmail.com,doctor
325,Maridel,Kesley,Maridel.Kesley@yopmail.com,Maridel.Kesley@gmail.com,police officer
326,Aeriela,Dichy,Aeriela.Dichy@yopmail.com,Aeriela.Dichy@gmail.com,developer
327,Ardenia,Lymann,Ardenia.Lymann@yopmail.com,Ardenia.Lymann@gmail.com,worker
328,Gwenneth,Seessel,Gwenneth.Seessel@yopmail.com,Gwenneth.Seessel@gmail.com,worker
329,Krystle,Hedve,Krystle.Hedve@yopmail.com,Krystle.Hedve@gmail.com,firefighter
330,Cecile,Sancho,Cecile.Sancho@yopmail.com,Cecile.Sancho@gmail.com,firefighter
331,Brooks,Lipson,Brooks.Lipson@yopmail.com,Brooks.Lipson@gmail.com,worker
332,Lily,Cristi,Lily.Cristi@yopmail.com,Lily.Cristi@gmail.com,firefighter
333,Orelia,Stacy,Orelia.Stacy@yopmail.com,Orelia.Stacy@gmail.com,doctor
334,Fawne,Henebry,Fawne.Henebry@yopmail.com,Fawne.Henebry@gmail.com,firefighter
335,Dotty,Zaslow,Dotty.Zaslow@yopmail.com,Dotty.Zaslow@gmail.com,doctor
336,Dotty,Valerio,Dotty.Valerio@yopmail.com,Dotty.Valerio@gmail.com,firefighter
337,Brynna,Lamoree,Brynna.Lamoree@yopmail.com,Brynna.Lamoree@gmail.com,doctor
338,Joane,Chrystel,Joane.Chrystel@yopmail.com,Joane.Chrystel@gmail.com,police officer
339,Danika,Arley,Danika.Arley@yopmail.com,Danika.Arley@gmail.com,worker
340,Tamqrah,Afton,Tamqrah.Afton@yopmail.com,Tamqrah.Afton@gmail.com,doctor
341,Sallie,Ackerley,Sallie.Ackerley@yopmail.com,Sallie.Ackerley@gmail.com,doctor
342,Livvyy,Gavrila,Livvyy.Gavrila@yopmail.com,Livvyy.Gavrila@gmail.com,developer
343,Lorne,Arne,Lorne.Arne@yopmail.com,Lorne.Arne@gmail.com,worker
344,Priscilla,Calhoun,Priscilla.Calhoun@yopmail.com,Priscilla.Calhoun@gmail.com,police officer
345,Mellicent,Elo,Mellicent.Elo@yopmail.com,Mellicent.Elo@gmail.com,developer
346,Queenie,Camden,Queenie.Camden@yopmail.com,Queenie.Camden@gmail.com,firefighter
347,Blinni,Wolfgram,Blinni.Wolfgram@yopmail.com,Blinni.Wolfgram@gmail.com,doctor
348,Daune,Monk,Daune.Monk@yopmail.com,Daune.Monk@gmail.com,firefighter
349,Glynnis,Zeeba,Glynnis.Zeeba@yopmail.com,Glynnis.Zeeba@gmail.com,firefighter
350,Michaelina,Randene,Michaelina.Randene@yopmail.com,Michaelina.Randene@gmail.com,firefighter
351,Kaia,Bergman,Kaia.Bergman@yopmail.com,Kaia.Bergman@gmail.com,developer
352,Madeleine,Quent,Madeleine.Quent@yopmail.com,Madeleine.Quent@gmail.com,firefighter
353,Codie,Kauppi,Codie.Kauppi@yopmail.com,Codie.Kauppi@gmail.com,doctor
354,Molli,Dom,Molli.Dom@yopmail.com,Molli.Dom@gmail.com,developer
355,Trixi,Brady,Trixi.Brady@yopmail.com,Trixi.Brady@gmail.com,worker
356,Blake,Reneta,Blake.Reneta@yopmail.com,Blake.Reneta@gmail.com,doctor
357,Emylee,Vacuva,Emylee.Vacuva@yopmail.com,Emylee.Vacuva@gmail.com,worker
358,Tonia,Fairweather,Tonia.Fairweather@yopmail.com,Tonia.Fairweather@gmail.com,doctor
359,Carilyn,Poll,Carilyn.Poll@yopmail.com,Carilyn.Poll@gmail.com,police officer
360,Lyssa,Bearnard,Lyssa.Bearnard@yopmail.com,Lyssa.Bearnard@gmail.com,doctor
361,Clarice,Salchunas,Clarice.Salchunas@yopmail.com,Clarice.Salchunas@gmail.com,developer
362,Fanchon,Goddard,Fanchon.Goddard@yopmail.com,Fanchon.Goddard@gmail.com,police officer
363,Pollyanna,Rebecka,Pollyanna.Rebecka@yopmail.com,Pollyanna.Rebecka@gmail.com,firefighter
364,Britni,Rillings,Britni.Rillings@yopmail.com,Britni.Rillings@gmail.com,worker
365,Esmeralda,Stuart,Esmeralda.Stuart@yopmail.com,Esmeralda.Stuart@gmail.com,developer
366,Kirbee,Jacqui,Kirbee.Jacqui@yopmail.com,Kirbee.Jacqui@gmail.com,worker
367,Olivette,Linehan,Olivette.Linehan@yopmail.com,Olivette.Linehan@gmail.com,doctor
368,Sharai,Warthman,Sharai.Warthman@yopmail.com,Sharai.Warthman@gmail.com,firefighter
369,Regina,Ventre,Regina.Ventre@yopmail.com,Regina.Ventre@gmail.com,firefighter
370,Keelia,Gale,Keelia.Gale@yopmail.com,Keelia.Gale@gmail.com,doctor
371,Tybie,Cressida,Tybie.Cressida@yopmail.com,Tybie.Cressida@gmail.com,developer
372,Lynde,Kathie,Lynde.Kathie@yopmail.com,Lynde.Kathie@gmail.com,police officer
373,Mary,Melan,Mary.Melan@yopmail.com,Mary.Melan@gmail.com,developer
374,Celene,Gualtiero,Celene.Gualtiero@yopmail.com,Celene.Gualtiero@gmail.com,police officer
375,Dede,Adalbert,Dede.Adalbert@yopmail.com,Dede.Adalbert@gmail.com,developer
376,Millie,Ulphia,Millie.Ulphia@yopmail.com,Millie.Ulphia@gmail.com,worker
377,Annabela,Lacombe,Annabela.Lacombe@yopmail.com,Annabela.Lacombe@gmail.com,firefighter
378,Alejandra,Ovid,Alejandra.Ovid@yopmail.com,Alejandra.Ovid@gmail.com,developer
379,Amara,Thad,Amara.Thad@yopmail.com,Amara.Thad@gmail.com,doctor
380,Mariann,Holtz,Mariann.Holtz@yopmail.com,Mariann.Holtz@gmail.com,worker
381,Gusella,Autrey,Gusella.Autrey@yopmail.com,Gusella.Autrey@gmail.com,firefighter
382,Rochette,Hull,Rochette.Hull@yopmail.com,Rochette.Hull@gmail.com,doctor
383,Lucy,Colyer,Lucy.Colyer@yopmail.com,Lucy.Colyer@gmail.com,doctor
384,Carly,Zenas,Carly.Zenas@yopmail.com,Carly.Zenas@gmail.com,developer
385,Marylou,Sigfrid,Marylou.Sigfrid@yopmail.com,Marylou.Sigfrid@gmail.com,police officer
386,Gilda,O'Carroll,Gilda.O'Carroll@yopmail.com,Gilda.O'Carroll@gmail.com,developer
387,Marsiella,Havens,Marsiella.Havens@yopmail.com,Marsiella.Havens@gmail.com,developer
388,Jessamyn,Doig,Jessamyn.Doig@yopmail.com,Jessamyn.Doig@gmail.com,doctor
389,Nannie,Gladstone,Nannie.Gladstone@yopmail.com,Nannie.Gladstone@gmail.com,doctor
390,Marcy,Gemini,Marcy.Gemini@yopmail.com,Marcy.Gemini@gmail.com,police officer
391,Glynnis,Justinn,Glynnis.Justinn@yopmail.com,Glynnis.Justinn@gmail.com,police officer
392,Elvira,Zamora,Elvira.Zamora@yopmail.com,Elvira.Zamora@gmail.com,worker
393,Concettina,Sallyann,Concettina.Sallyann@yopmail.com,Concettina.Sallyann@gmail.com,developer
394,Glynnis,Hebner,Glynnis.Hebner@yopmail.com,Glynnis.Hebner@gmail.com,doctor
395,Consuela,Bari,Consuela.Bari@yopmail.com,Consuela.Bari@gmail.com,doctor
396,Janis,Uund,Janis.Uund@yopmail.com,Janis.Uund@gmail.com,doctor
397,Ariela,Lea,Ariela.Lea@yopmail.com,Ariela.Lea@gmail.com,developer
398,Eadie,Georas,Eadie.Georas@yopmail.com,Eadie.Georas@gmail.com,firefighter
399,Quintina,Cornelia,Quintina.Cornelia@yopmail.com,Quintina.Cornelia@gmail.com,worker
400,Dorothy,Karylin,Dorothy.Karylin@yopmail.com,Dorothy.Karylin@gmail.com,police officer
401,Elsie,Cyrie,Elsie.Cyrie@yopmail.com,Elsie.Cyrie@gmail.com,police officer
402,Leia,Callista,Leia.Callista@yopmail.com,Leia.Callista@gmail.com,doctor
403,Zondra,Shuler,Zondra.Shuler@yopmail.com,Zondra.Shuler@gmail.com,doctor
404,Tina,Chinua,Tina.Chinua@yopmail.com,Tina.Chinua@gmail.com,doctor
405,Joleen,Cadmar,Joleen.Cadmar@yopmail.com,Joleen.Cadmar@gmail.com,police officer
406,Annabela,Brenn,Annabela.Brenn@yopmail.com,Annabela.Brenn@gmail.com,police officer
407,Tabbatha,Bashemeth,Tabbatha.Bashemeth@yopmail.com,Tabbatha.Bashemeth@gmail.com,worker
408,Orsola,Payson,Orsola.Payson@yopmail.com,Orsola.Payson@gmail.com,doctor
409,Jan,Nedrud,Jan.Nedrud@yopmail.com,Jan.Nedrud@gmail.com,worker
410,Max,Gunn,Max.Gunn@yopmail.com,Max.Gunn@gmail.com,doctor
411,Arabel,Geffner,Arabel.Geffner@yopmail.com,Arabel.Geffner@gmail.com,firefighter
412,Celestyna,Grosz,Celestyna.Grosz@yopmail.com,Celestyna.Grosz@gmail.com,police officer
413,Alie,Leopold,Alie.Leopold@yopmail.com,Alie.Leopold@gmail.com,doctor
414,Dyann,Jacinda,Dyann.Jacinda@yopmail.com,Dyann.Jacinda@gmail.com,firefighter
415,Tiffie,Alva,Tiffie.Alva@yopmail.com,Tiffie.Alva@gmail.com,doctor
416,Linet,Xerxes,Linet.Xerxes@yopmail.com,Linet.Xerxes@gmail.com,worker
417,Albertina,Goode,Albertina.Goode@yopmail.com,Albertina.Goode@gmail.com,worker
418,Dione,Faso,Dione.Faso@yopmail.com,Dione.Faso@gmail.com,doctor
419,Evita,Alabaster,Evita.Alabaster@yopmail.com,Evita.Alabaster@gmail.com,firefighter
420,Dianemarie,Prouty,Dianemarie.Prouty@yopmail.com,Dianemarie.Prouty@gmail.com,doctor
421,Mellicent,Weaks,Mellicent.Weaks@yopmail.com,Mellicent.Weaks@gmail.com,developer
422,Kimmy,Gerge,Kimmy.Gerge@yopmail.com,Kimmy.Gerge@gmail.com,firefighter
423,Jasmina,Lamoree,Jasmina.Lamoree@yopmail.com,Jasmina.Lamoree@gmail.com,doctor
424,Feliza,Laverne,Feliza.Laverne@yopmail.com,Feliza.Laverne@gmail.com,worker
425,Damaris,Bearnard,Damaris.Bearnard@yopmail.com,Damaris.Bearnard@gmail.com,doctor
426,Trixi,Morrill,Trixi.Morrill@yopmail.com,Trixi.Morrill@gmail.com,police officer
427,Lory,Seumas,Lory.Seumas@yopmail.com,Lory.Seumas@gmail.com,firefighter
428,Brietta,Decato,Brietta.Decato@yopmail.com,Brietta.Decato@gmail.com,developer
429,Regina,Zeeba,Regina.Zeeba@yopmail.com,Regina.Zeeba@gmail.com,doctor
430,Gretal,Levey,Gretal.Levey@yopmail.com,Gretal.Levey@gmail.com,developer
431,Jerry,Persse,Jerry.Persse@yopmail.com,Jerry.Persse@gmail.com,developer
432,Oona,Selway,Oona.Selway@yopmail.com,Oona.Selway@gmail.com,firefighter
433,Merle,Lorenz,Merle.Lorenz@yopmail.com,Merle.Lorenz@gmail.com,worker
434,Nananne,Brady,Nananne.Brady@yopmail.com,Nananne.Brady@gmail.com,worker
435,Hildegaard,Rosemary,Hildegaard.Rosemary@yopmail.com,Hildegaard.Rosemary@gmail.com,firefighter
436,Sharlene,Gavrila,Sharlene.Gavrila@yopmail.com,Sharlene.Gavrila@gmail.com,developer
437,Penelopa,Camden,Penelopa.Camden@yopmail.com,Penelopa.Camden@gmail.com,doctor
438,Eugine,Wooster,Eugine.Wooster@yopmail.com,Eugine.Wooster@gmail.com,police officer
439,Rubie,Paine,Rubie.Paine@yopmail.com,Rubie.Paine@gmail.com,police officer
440,Mamie,Lissi,Mamie.Lissi@yopmail.com,Mamie.Lissi@gmail.com,police officer
441,Kirstin,Soneson,Kirstin.Soneson@yopmail.com,Kirstin.Soneson@gmail.com,developer
442,Lilith,Harl,Lilith.Harl@yopmail.com,Lilith.Harl@gmail.com,police officer
443,Alejandra,Wolfgram,Alejandra.Wolfgram@yopmail.com,Alejandra.Wolfgram@gmail.com,developer
444,Kalina,Huggins,Kalina.Huggins@yopmail.com,Kalina.Huggins@gmail.com,firefighter
445,Tersina,Laurianne,Tersina.Laurianne@yopmail.com,Tersina.Laurianne@gmail.com,worker
446,Tomasina,Delp,Tomasina.Delp@yopmail.com,Tomasina.Delp@gmail.com,police officer
447,Dorothy,Jerald,Dorothy.Jerald@yopmail.com,Dorothy.Jerald@gmail.com,doctor
448,Blinni,Wadell,Blinni.Wadell@yopmail.com,Blinni.Wadell@gmail.com,doctor
449,Orsola,Shelba,Orsola.Shelba@yopmail.com,Orsola.Shelba@gmail.com,worker
450,Farrah,Love,Farrah.Love@yopmail.com,Farrah.Love@gmail.com,police officer
451,Lolita,Harl,Lolita.Harl@yopmail.com,Lolita.Harl@gmail.com,police officer
452,Laure,Nea,Laure.Nea@yopmail.com,Laure.Nea@gmail.com,doctor
453,Teddie,Old,Teddie.Old@yopmail.com,Teddie.Old@gmail.com,firefighter
454,Bertine,Shaver,Bertine.Shaver@yopmail.com,Bertine.Shaver@gmail.com,developer
455,Amelia,Fancie,Amelia.Fancie@yopmail.com,Amelia.Fancie@gmail.com,doctor
456,Therine,Wiener,Therine.Wiener@yopmail.com,Therine.Wiener@gmail.com,doctor
457,Florie,Pacorro,Florie.Pacorro@yopmail.com,Florie.Pacorro@gmail.com,developer
458,Sindee,Shuler,Sindee.Shuler@yopmail.com,Sindee.Shuler@gmail.com,developer
459,Philis,Corilla,Philis.Corilla@yopmail.com,Philis.Corilla@gmail.com,firefighter
460,Roz,Eckblad,Roz.Eckblad@yopmail.com,Roz.Eckblad@gmail.com,worker
461,Olwen,Kauppi,Olwen.Kauppi@yopmail.com,Olwen.Kauppi@gmail.com,developer
462,Candy,Isidore,Candy.Isidore@yopmail.com,Candy.Isidore@gmail.com,firefighter
463,Kathi,Helve,Kathi.Helve@yopmail.com,Kathi.Helve@gmail.com,worker
464,Laure,Niles,Laure.Niles@yopmail.com,Laure.Niles@gmail.com,firefighter
465,Alex,Zitvaa,Alex.Zitvaa@yopmail.com,Alex.Zitvaa@gmail.com,developer
466,Lolita,Selway,Lolita.Selway@yopmail.com,Lolita.Selway@gmail.com,firefighter
467,Marinna,McClimans,Marinna.McClimans@yopmail.com,Marinna.McClimans@gmail.com,developer
468,Rhoda,Thilda,Rhoda.Thilda@yopmail.com,Rhoda.Thilda@gmail.com,doctor
469,Corry,Ramona,Corry.Ramona@yopmail.com,Corry.Ramona@gmail.com,doctor
470,Aaren,Dyche,Aaren.Dyche@yopmail.com,Aaren.Dyche@gmail.com,developer
471,Heddie,Orlene,Heddie.Orlene@yopmail.com,Heddie.Orlene@gmail.com,firefighter
472,Damaris,Annabella,Damaris.Annabella@yopmail.com,Damaris.Annabella@gmail.com,doctor
473,Kathy,Ricarda,Kathy.Ricarda@yopmail.com,Kathy.Ricarda@gmail.com,doctor
474,Dale,Anselmi,Dale.Anselmi@yopmail.com,Dale.Anselmi@gmail.com,firefighter
475,Carlie,Si,Carlie.Si@yopmail.com,Carlie.Si@gmail.com,developer
476,Tatiania,Saree,Tatiania.Saree@yopmail.com,Tatiania.Saree@gmail.com,worker
477,Lila,O'Rourke,Lila.O'Rourke@yopmail.com,Lila.O'Rourke@gmail.com,firefighter
478,Florencia,Rona,Florencia.Rona@yopmail.com,Florencia.Rona@gmail.com,developer
479,Merry,Libna,Merry.Libna@yopmail.com,Merry.Libna@gmail.com,police officer
480,Allyce,Sheng,Allyce.Sheng@yopmail.com,Allyce.Sheng@gmail.com,doctor
481,Nadine,Harned,Nadine.Harned@yopmail.com,Nadine.Harned@gmail.com,doctor
482,Aimil,McLaughlin,Aimil.McLaughlin@yopmail.com,Aimil.McLaughlin@gmail.com,developer
483,Laurene,Wesle,Laurene.Wesle@yopmail.com,Laurene.Wesle@gmail.com,doctor
484,Jessy,Buffum,Jessy.Buffum@yopmail.com,Jessy.Buffum@gmail.com,police officer
485,Donetta,Grosz,Donetta.Grosz@yopmail.com,Donetta.Grosz@gmail.com,developer
486,Norine,Decato,Norine.Decato@yopmail.com,Norine.Decato@gmail.com,firefighter
487,Korrie,Jerald,Korrie.Jerald@yopmail.com,Korrie.Jerald@gmail.com,firefighter
488,Netty,Dreda,Netty.Dreda@yopmail.com,Netty.Dreda@gmail.com,firefighter
489,Amalie,Robertson,Amalie.Robertson@yopmail.com,Amalie.Robertson@gmail.com,doctor
490,Sue,Rillings,Sue.Rillings@yopmail.com,Sue.Rillings@gmail.com,doctor
491,Cam,Nunci,Cam.Nunci@yopmail.com,Cam.Nunci@gmail.com,worker
492,Henriette,Brenn,Henriette.Brenn@yopmail.com,Henriette.Brenn@gmail.com,worker
493,Aurelie,Silvan,Aurelie.Silvan@yopmail.com,Aurelie.Silvan@gmail.com,firefighter
494,Leona,Morgun,Leona.Morgun@yopmail.com,Leona.Morgun@gmail.com,developer
495,Brynna,Isidore,Brynna.Isidore@yopmail.com,Brynna.Isidore@gmail.com,police officer
496,Juliane,Aurelio,Juliane.Aurelio@yopmail.com,Juliane.Aurelio@gmail.com,police officer
497,Rubie,Brittani,Rubie.Brittani@yopmail.com,Rubie.Brittani@gmail.com,developer
498,Shauna,Reidar,Shauna.Reidar@yopmail.com,Shauna.Reidar@gmail.com,doctor
499,Aimil,Decato,Aimil.Decato@yopmail.com,Aimil.Decato@gmail.com,worker
500,Keelia,Harriman,Keelia.Harriman@yopmail.com,Keelia.Harriman@gmail.com,firefighter
501,Tomasina,Alva,Tomasina.Alva@yopmail.com,Tomasina.Alva@gmail.com,firefighter
502,Maud,Harriman,Maud.Harriman@yopmail.com,Maud.Harriman@gmail.com,firefighter
503,Cyb,Monk,Cyb.Monk@yopmail.com,Cyb.Monk@gmail.com,firefighter
504,Wileen,Scammon,Wileen.Scammon@yopmail.com,Wileen.Scammon@gmail.com,police officer
505,Etta,Secrest,Etta.Secrest@yopmail.com,Etta.Secrest@gmail.com,firefighter
506,Consuela,Lindemann,Consuela.Lindemann@yopmail.com,Consuela.Lindemann@gmail.com,firefighter
507,Ardys,Rosemary,Ardys.Rosemary@yopmail.com,Ardys.Rosemary@gmail.com,doctor
508,Kassey,Melan,Kassey.Melan@yopmail.com,Kassey.Melan@gmail.com,doctor
509,Ilse,Garrison,Ilse.Garrison@yopmail.com,Ilse.Garrison@gmail.com,doctor
510,Daryl,Zeeba,Daryl.Zeeba@yopmail.com,Daryl.Zeeba@gmail.com,developer
511,Odessa,Marsden,Odessa.Marsden@yopmail.com,Odessa.Marsden@gmail.com,doctor
512,Sindee,Eben,Sindee.Eben@yopmail.com,Sindee.Eben@gmail.com,worker
513,Kellen,Flita,Kellen.Flita@yopmail.com,Kellen.Flita@gmail.com,police officer
514,Amalie,Armanda,Amalie.Armanda@yopmail.com,Amalie.Armanda@gmail.com,developer
515,Rozele,Gaal,Rozele.Gaal@yopmail.com,Rozele.Gaal@gmail.com,police officer
516,Marita,Gilbertson,Marita.Gilbertson@yopmail.com,Marita.Gilbertson@gmail.com,police officer
517,Tressa,Fontana,Tressa.Fontana@yopmail.com,Tressa.Fontana@gmail.com,worker
518,Maryellen,Jillane,Maryellen.Jillane@yopmail.com,Maryellen.Jillane@gmail.com,developer
519,Elise,Oriana,Elise.Oriana@yopmail.com,Elise.Oriana@gmail.com,firefighter
520,Magdalena,Francyne,Magdalena.Francyne@yopmail.com,Magdalena.Francyne@gmail.com,worker
521,Annice,Eben,Annice.Eben@yopmail.com,Annice.Eben@gmail.com,developer
522,Antonietta,Kress,Antonietta.Kress@yopmail.com,Antonietta.Kress@gmail.com,developer
523,Carol-Jean,Therine,Carol-Jean.Therine@yopmail.com,Carol-Jean.Therine@gmail.com,worker
524,Tamqrah,Joseph,Tamqrah.Joseph@yopmail.com,Tamqrah.Joseph@gmail.com,firefighter
525,Dianemarie,Tarrant,Dianemarie.Tarrant@yopmail.com,Dianemarie.Tarrant@gmail.com,developer
526,Brana,Cutlerr,Brana.Cutlerr@yopmail.com,Brana.Cutlerr@gmail.com,police officer
527,Charissa,Cordi,Charissa.Cordi@yopmail.com,Charissa.Cordi@gmail.com,developer
528,Roz,Glenden,Roz.Glenden@yopmail.com,Roz.Glenden@gmail.com,doctor
529,Zondra,Christal,Zondra.Christal@yopmail.com,Zondra.Christal@gmail.com,worker
530,Emylee,Glovsky,Emylee.Glovsky@yopmail.com,Emylee.Glovsky@gmail.com,worker
531,Aeriela,Scammon,Aeriela.Scammon@yopmail.com,Aeriela.Scammon@gmail.com,police officer
532,Sharai,Craggie,Sharai.Craggie@yopmail.com,Sharai.Craggie@gmail.com,police officer
533,Shirlee,Kathie,Shirlee.Kathie@yopmail.com,Shirlee.Kathie@gmail.com,developer
534,Sean,Firmin,Sean.Firmin@yopmail.com,Sean.Firmin@gmail.com,worker
535,Therine,Lesley,Therine.Lesley@yopmail.com,Therine.Lesley@gmail.com,police officer
536,Brooks,Ilka,Brooks.Ilka@yopmail.com,Brooks.Ilka@gmail.com,developer
537,Heddie,Laurianne,Heddie.Laurianne@yopmail.com,Heddie.Laurianne@gmail.com,worker
538,Ardeen,Jacobah,Ardeen.Jacobah@yopmail.com,Ardeen.Jacobah@gmail.com,police officer
539,Jeanna,Briney,Jeanna.Briney@yopmail.com,Jeanna.Briney@gmail.com,worker
540,Brandise,Tice,Brandise.Tice@yopmail.com,Brandise.Tice@gmail.com,worker
541,Imojean,Oneida,Imojean.Oneida@yopmail.com,Imojean.Oneida@gmail.com,firefighter
542,Lita,Giff,Lita.Giff@yopmail.com,Lita.Giff@gmail.com,worker
543,Theodora,Dielu,Theodora.Dielu@yopmail.com,Theodora.Dielu@gmail.com,doctor
544,Karlee,Johanna,Karlee.Johanna@yopmail.com,Karlee.Johanna@gmail.com,worker
545,Lonnie,Koehler,Lonnie.Koehler@yopmail.com,Lonnie.Koehler@gmail.com,police officer
546,Ronna,Felizio,Ronna.Felizio@yopmail.com,Ronna.Felizio@gmail.com,police officer
547,Addia,Whiffen,Addia.Whiffen@yopmail.com,Addia.Whiffen@gmail.com,police officer
548,Bettine,Merriott,Bettine.Merriott@yopmail.com,Bettine.Merriott@gmail.com,firefighter
549,Rani,Vittoria,Rani.Vittoria@yopmail.com,Rani.Vittoria@gmail.com,developer
550,Nonnah,Delila,Nonnah.Delila@yopmail.com,Nonnah.Delila@gmail.com,police officer
551,Beatriz,Brotherson,Beatriz.Brotherson@yopmail.com,Beatriz.Brotherson@gmail.com,developer
552,Taffy,Edee,Taffy.Edee@yopmail.com,Taffy.Edee@gmail.com,police officer
553,Joane,Kazimir,Joane.Kazimir@yopmail.com,Joane.Kazimir@gmail.com,developer
554,Danny,Cavan,Danny.Cavan@yopmail.com,Danny.Cavan@gmail.com,firefighter
555,Gui,Gibbeon,Gui.Gibbeon@yopmail.com,Gui.Gibbeon@gmail.com,developer
556,Lauryn,Stover,Lauryn.Stover@yopmail.com,Lauryn.Stover@gmail.com,worker
557,Lorie,Firmin,Lorie.Firmin@yopmail.com,Lorie.Firmin@gmail.com,police officer
558,Ginnie,Adlare,Ginnie.Adlare@yopmail.com,Ginnie.Adlare@gmail.com,firefighter
559,Doro,Egbert,Doro.Egbert@yopmail.com,Doro.Egbert@gmail.com,police officer
560,Charmaine,Carmena,Charmaine.Carmena@yopmail.com,Charmaine.Carmena@gmail.com,worker
561,Lita,Bearnard,Lita.Bearnard@yopmail.com,Lita.Bearnard@gmail.com,worker
562,Cecile,Emmy,Cecile.Emmy@yopmail.com,Cecile.Emmy@gmail.com,firefighter
563,Vonny,Arne,Vonny.Arne@yopmail.com,Vonny.Arne@gmail.com,police officer
564,Dulcinea,Jacqui,Dulcinea.Jacqui@yopmail.com,Dulcinea.Jacqui@gmail.com,developer
565,Hannis,Esmaria,Hannis.Esmaria@yopmail.com,Hannis.Esmaria@gmail.com,firefighter
566,Winny,Destinee,Winny.Destinee@yopmail.com,Winny.Destinee@gmail.com,firefighter
567,Ofilia,Palocz,Ofilia.Palocz@yopmail.com,Ofilia.Palocz@gmail.com,developer
568,Andeee,Llovera,Andeee.Llovera@yopmail.com,Andeee.Llovera@gmail.com,worker
569,Elka,Hailee,Elka.Hailee@yopmail.com,Elka.Hailee@gmail.com,doctor
570,Maurene,Florina,Maurene.Florina@yopmail.com,Maurene.Florina@gmail.com,developer
571,Lexine,Auberbach,Lexine.Auberbach@yopmail.com,Lexine.Auberbach@gmail.com,worker
572,Xylina,Frendel,Xylina.Frendel@yopmail.com,Xylina.Frendel@gmail.com,firefighter
573,Tera,Magnolia,Tera.Magnolia@yopmail.com,Tera.Magnolia@gmail.com,doctor
574,Jenda,Delacourt,Jenda.Delacourt@yopmail.com,Jenda.Delacourt@gmail.com,developer
575,Keelia,Penelopa,Keelia.Penelopa@yopmail.com,Keelia.Penelopa@gmail.com,police officer
576,Aaren,Kravits,Aaren.Kravits@yopmail.com,Aaren.Kravits@gmail.com,police officer
577,Adore,Francyne,Adore.Francyne@yopmail.com,Adore.Francyne@gmail.com,doctor
578,Flo,Kylander,Flo.Kylander@yopmail.com,Flo.Kylander@gmail.com,doctor
579,Juliane,Ahab,Juliane.Ahab@yopmail.com,Juliane.Ahab@gmail.com,doctor
580,Grier,Hanshaw,Grier.Hanshaw@yopmail.com,Grier.Hanshaw@gmail.com,developer
581,Frances,Jammal,Frances.Jammal@yopmail.com,Frances.Jammal@gmail.com,developer
582,Hayley,Swigart,Hayley.Swigart@yopmail.com,Hayley.Swigart@gmail.com,developer
583,Imojean,Ogren,Imojean.Ogren@yopmail.com,Imojean.Ogren@gmail.com,police officer
584,Lory,Bartlett,Lory.Bartlett@yopmail.com,Lory.Bartlett@gmail.com,worker
585,Gwenneth,Prouty,Gwenneth.Prouty@yopmail.com,Gwenneth.Prouty@gmail.com,developer
586,Etta,Ackerley,Etta.Ackerley@yopmail.com,Etta.Ackerley@gmail.com,police officer
587,Tierney,Firmin,Tierney.Firmin@yopmail.com,Tierney.Firmin@gmail.com,doctor
588,Edee,Eliathas,Edee.Eliathas@yopmail.com,Edee.Eliathas@gmail.com,doctor
589,Kirstin,Anis,Kirstin.Anis@yopmail.com,Kirstin.Anis@gmail.com,doctor
590,Noelle,Janith,Noelle.Janith@yopmail.com,Noelle.Janith@gmail.com,developer
591,Aeriela,Karna,Aeriela.Karna@yopmail.com,Aeriela.Karna@gmail.com,firefighter
592,Desirae,Irmine,Desirae.Irmine@yopmail.com,Desirae.Irmine@gmail.com,police officer
593,Kirstin,Poppy,Kirstin.Poppy@yopmail.com,Kirstin.Poppy@gmail.com,police officer
594,Brynna,Seagraves,Brynna.Seagraves@yopmail.com,Brynna.Seagraves@gmail.com,doctor
595,Marjie,Malvino,Marjie.Malvino@yopmail.com,Marjie.Malvino@gmail.com,firefighter
596,Dawn,Ruvolo,Dawn.Ruvolo@yopmail.com,Dawn.Ruvolo@gmail.com,firefighter
597,Babita,Vastah,Babita.Vastah@yopmail.com,Babita.Vastah@gmail.com,developer
598,Blake,Darian,Blake.Darian@yopmail.com,Blake.Darian@gmail.com,firefighter
599,Tybie,Shelba,Tybie.Shelba@yopmail.com,Tybie.Shelba@gmail.com,police officer
600,Kassey,Guildroy,Kassey.Guildroy@yopmail.com,Kassey.Guildroy@gmail.com,firefighter
601,Harmonia,Freddi,Harmonia.Freddi@yopmail.com,Harmonia.Freddi@gmail.com,police officer
602,Ivett,Jeanne,Ivett.Jeanne@yopmail.com,Ivett.Jeanne@gmail.com,worker
603,Carlie,Bakerman,Carlie.Bakerman@yopmail.com,Carlie.Bakerman@gmail.com,firefighter
604,Kalina,Artie,Kalina.Artie@yopmail.com,Kalina.Artie@gmail.com,developer
605,Andeee,Grimbly,Andeee.Grimbly@yopmail.com,Andeee.Grimbly@gmail.com,developer
606,Harmonia,Socha,Harmonia.Socha@yopmail.com,Harmonia.Socha@gmail.com,police officer
607,Briney,Belanger,Briney.Belanger@yopmail.com,Briney.Belanger@gmail.com,worker
608,Karolina,Berne,Karolina.Berne@yopmail.com,Karolina.Berne@gmail.com,developer
609,Vevay,Morgun,Vevay.Morgun@yopmail.com,Vevay.Morgun@gmail.com,developer
610,Annabela,Annabella,Annabela.Annabella@yopmail.com,Annabela.Annabella@gmail.com,worker
611,Glynnis,Helve,Glynnis.Helve@yopmail.com,Glynnis.Helve@gmail.com,doctor
612,Joceline,Mike,Joceline.Mike@yopmail.com,Joceline.Mike@gmail.com,developer
613,Lita,Kirstin,Lita.Kirstin@yopmail.com,Lita.Kirstin@gmail.com,police officer
614,Sharlene,Pernick,Sharlene.Pernick@yopmail.com,Sharlene.Pernick@gmail.com,doctor
615,Sharlene,Chick,Sharlene.Chick@yopmail.com,Sharlene.Chick@gmail.com,firefighter
616,Teriann,Bartlett,Teriann.Bartlett@yopmail.com,Teriann.Bartlett@gmail.com,doctor
617,Fanny,Belldas,Fanny.Belldas@yopmail.com,Fanny.Belldas@gmail.com,doctor
618,Demetris,Gualtiero,Demetris.Gualtiero@yopmail.com,Demetris.Gualtiero@gmail.com,worker
619,Letizia,Hurley,Letizia.Hurley@yopmail.com,Letizia.Hurley@gmail.com,police officer
620,Kelly,Diann,Kelly.Diann@yopmail.com,Kelly.Diann@gmail.com,developer
621,Veda,Lemuela,Veda.Lemuela@yopmail.com,Veda.Lemuela@gmail.com,police officer
622,Alyssa,Avi,Alyssa.Avi@yopmail.com,Alyssa.Avi@gmail.com,doctor
623,Cathie,Warthman,Cathie.Warthman@yopmail.com,Cathie.Warthman@gmail.com,police officer
624,Beverley,Docilla,Beverley.Docilla@yopmail.com,Beverley.Docilla@gmail.com,worker
625,Mildrid,Ardra,Mildrid.Ardra@yopmail.com,Mildrid.Ardra@gmail.com,firefighter
626,Taffy,Oster,Taffy.Oster@yopmail.com,Taffy.Oster@gmail.com,police officer
627,Ermengarde,Standing,Ermengarde.Standing@yopmail.com,Ermengarde.Standing@gmail.com,police officer
628,Margette,Voletta,Margette.Voletta@yopmail.com,Margette.Voletta@gmail.com,firefighter
629,Eve,Standing,Eve.Standing@yopmail.com,Eve.Standing@gmail.com,police officer
630,Diena,Cavan,Diena.Cavan@yopmail.com,Diena.Cavan@gmail.com,doctor
631,Dione,Vanni,Dione.Vanni@yopmail.com,Dione.Vanni@gmail.com,firefighter
632,Jenilee,Madelene,Jenilee.Madelene@yopmail.com,Jenilee.Madelene@gmail.com,police officer
633,Nita,Weinreb,Nita.Weinreb@yopmail.com,Nita.Weinreb@gmail.com,doctor
634,Edyth,Sidonius,Edyth.Sidonius@yopmail.com,Edyth.Sidonius@gmail.com,firefighter
635,Amii,Philipp,Amii.Philipp@yopmail.com,Amii.Philipp@gmail.com,police officer
636,Chere,Anyah,Chere.Anyah@yopmail.com,Chere.Anyah@gmail.com,police officer
637,Theodora,Aaberg,Theodora.Aaberg@yopmail.com,Theodora.Aaberg@gmail.com,police officer
638,Aimil,Cornelia,Aimil.Cornelia@yopmail.com,Aimil.Cornelia@gmail.com,developer
639,Bertine,Capello,Bertine.Capello@yopmail.com,Bertine.Capello@gmail.com,worker
640,Annabela,Ummersen,Annabela.Ummersen@yopmail.com,Annabela.Ummersen@gmail.com,doctor
641,Gerianna,Hashim,Gerianna.Hashim@yopmail.com,Gerianna.Hashim@gmail.com,worker
642,Candy,Schenck,Candy.Schenck@yopmail.com,Candy.Schenck@gmail.com,developer
643,Bee,Helfand,Bee.Helfand@yopmail.com,Bee.Helfand@gmail.com,police officer
644,Sheree,Ogren,Sheree.Ogren@yopmail.com,Sheree.Ogren@gmail.com,firefighter
645,Collen,Garrison,Collen.Garrison@yopmail.com,Collen.Garrison@gmail.com,firefighter
646,Tamqrah,Lamoree,Tamqrah.Lamoree@yopmail.com,Tamqrah.Lamoree@gmail.com,developer
647,Randa,Aprile,Randa.Aprile@yopmail.com,Randa.Aprile@gmail.com,police officer
648,Elka,Fiester,Elka.Fiester@yopmail.com,Elka.Fiester@gmail.com,worker
649,Charlena,Marijo,Charlena.Marijo@yopmail.com,Charlena.Marijo@gmail.com,worker
650,Ivett,Dawkins,Ivett.Dawkins@yopmail.com,Ivett.Dawkins@gmail.com,developer
651,Regina,Dunkin,Regina.Dunkin@yopmail.com,Regina.Dunkin@gmail.com,firefighter
652,Rosaline,Ilka,Rosaline.Ilka@yopmail.com,Rosaline.Ilka@gmail.com,firefighter
653,Steffane,Dannye,Steffane.Dannye@yopmail.com,Steffane.Dannye@gmail.com,developer
654,Celene,Francene,Celene.Francene@yopmail.com,Celene.Francene@gmail.com,developer
655,Brianna,Joni,Brianna.Joni@yopmail.com,Brianna.Joni@gmail.com,doctor
656,Dyann,Bonilla,Dyann.Bonilla@yopmail.com,Dyann.Bonilla@gmail.com,developer
657,Adele,Alfons,Adele.Alfons@yopmail.com,Adele.Alfons@gmail.com,doctor
658,Winny,Krystle,Winny.Krystle@yopmail.com,Winny.Krystle@gmail.com,firefighter
659,Anica,Cleo,Anica.Cleo@yopmail.com,Anica.Cleo@gmail.com,firefighter
660,Steffane,Arvo,Steffane.Arvo@yopmail.com,Steffane.Arvo@gmail.com,worker
661,Moyna,Aida,Moyna.Aida@yopmail.com,Moyna.Aida@gmail.com,firefighter
662,Isa,Socha,Isa.Socha@yopmail.com,Isa.Socha@gmail.com,police officer
663,Lynde,Gemini,Lynde.Gemini@yopmail.com,Lynde.Gemini@gmail.com,firefighter
664,Karlee,Anastatius,Karlee.Anastatius@yopmail.com,Karlee.Anastatius@gmail.com,doctor
665,Iseabal,Lymann,Iseabal.Lymann@yopmail.com,Iseabal.Lymann@gmail.com,worker
666,Eolanda,Auberbach,Eolanda.Auberbach@yopmail.com,Eolanda.Auberbach@gmail.com,worker
667,Alleen,Poppy,Alleen.Poppy@yopmail.com,Alleen.Poppy@gmail.com,developer
668,Florencia,Gabrielli,Florencia.Gabrielli@yopmail.com,Florencia.Gabrielli@gmail.com,firefighter
669,Pamella,Zaslow,Pamella.Zaslow@yopmail.com,Pamella.Zaslow@gmail.com,developer
670,Ayn,Magdalen,Ayn.Magdalen@yopmail.com,Ayn.Magdalen@gmail.com,developer
671,Tani,Lamoree,Tani.Lamoree@yopmail.com,Tani.Lamoree@gmail.com,worker
672,Winny,Eliathas,Winny.Eliathas@yopmail.com,Winny.Eliathas@gmail.com,doctor
673,Janey,Elvyn,Janey.Elvyn@yopmail.com,Janey.Elvyn@gmail.com,worker
674,Arabel,Ailyn,Arabel.Ailyn@yopmail.com,Arabel.Ailyn@gmail.com,worker
675,Barbara,Elephus,Barbara.Elephus@yopmail.com,Barbara.Elephus@gmail.com,firefighter
676,Consuela,Bultman,Consuela.Bultman@yopmail.com,Consuela.Bultman@gmail.com,doctor
677,Esmeralda,Wu,Esmeralda.Wu@yopmail.com,Esmeralda.Wu@gmail.com,police officer
678,Brynna,Berriman,Brynna.Berriman@yopmail.com,Brynna.Berriman@gmail.com,police officer
679,Tina,Voletta,Tina.Voletta@yopmail.com,Tina.Voletta@gmail.com,doctor
680,Merry,Meter,Merry.Meter@yopmail.com,Merry.Meter@gmail.com,worker
681,Brana,Macey,Brana.Macey@yopmail.com,Brana.Macey@gmail.com,developer
682,Concettina,Berriman,Concettina.Berriman@yopmail.com,Concettina.Berriman@gmail.com,police officer
683,Lisette,Blake,Lisette.Blake@yopmail.com,Lisette.Blake@gmail.com,firefighter
684,Stacey,Serilda,Stacey.Serilda@yopmail.com,Stacey.Serilda@gmail.com,firefighter
685,Ileana,Creamer,Ileana.Creamer@yopmail.com,Ileana.Creamer@gmail.com,police officer
686,Fred,Tacye,Fred.Tacye@yopmail.com,Fred.Tacye@gmail.com,firefighter
687,Nataline,Meli,Nataline.Meli@yopmail.com,Nataline.Meli@gmail.com,worker
688,Claudina,Wareing,Claudina.Wareing@yopmail.com,Claudina.Wareing@gmail.com,police officer
689,Sadie,Giff,Sadie.Giff@yopmail.com,Sadie.Giff@gmail.com,worker
690,Sallie,Kinnard,Sallie.Kinnard@yopmail.com,Sallie.Kinnard@gmail.com,police officer
691,Christy,Alexandr,Christy.Alexandr@yopmail.com,Christy.Alexandr@gmail.com,firefighter
692,Anallese,Lemuela,Anallese.Lemuela@yopmail.com,Anallese.Lemuela@gmail.com,developer
693,Mara,Wind,Mara.Wind@yopmail.com,Mara.Wind@gmail.com,police officer
694,Gerianna,Eckblad,Gerianna.Eckblad@yopmail.com,Gerianna.Eckblad@gmail.com,doctor
695,Correy,Ardeha,Correy.Ardeha@yopmail.com,Correy.Ardeha@gmail.com,doctor
696,Meghann,Daniele,Meghann.Daniele@yopmail.com,Meghann.Daniele@gmail.com,developer
697,Doralynne,Astra,Doralynne.Astra@yopmail.com,Doralynne.Astra@gmail.com,police officer
698,Petronia,Boehike,Petronia.Boehike@yopmail.com,Petronia.Boehike@gmail.com,firefighter
699,Gratia,Taam,Gratia.Taam@yopmail.com,Gratia.Taam@gmail.com,firefighter
700,Marjie,Valoniah,Marjie.Valoniah@yopmail.com,Marjie.Valoniah@gmail.com,police officer
701,Ebonee,Valerio,Ebonee.Valerio@yopmail.com,Ebonee.Valerio@gmail.com,worker
702,Annora,Darrell,Annora.Darrell@yopmail.com,Annora.Darrell@gmail.com,police officer
703,Consuela,Jenness,Consuela.Jenness@yopmail.com,Consuela.Jenness@gmail.com,worker
704,Caritta,Delacourt,Caritta.Delacourt@yopmail.com,Caritta.Delacourt@gmail.com,firefighter
705,Florie,Milson,Florie.Milson@yopmail.com,Florie.Milson@gmail.com,doctor
706,Camile,Loeb,Camile.Loeb@yopmail.com,Camile.Loeb@gmail.com,police officer
707,Clary,Forrer,Clary.Forrer@yopmail.com,Clary.Forrer@gmail.com,doctor
708,Nannie,Darian,Nannie.Darian@yopmail.com,Nannie.Darian@gmail.com,developer
709,Cyb,Liva,Cyb.Liva@yopmail.com,Cyb.Liva@gmail.com,developer
710,Tani,Dash,Tani.Dash@yopmail.com,Tani.Dash@gmail.com,worker
711,Katuscha,Adalbert,Katuscha.Adalbert@yopmail.com,Katuscha.Adalbert@gmail.com,developer
712,Benita,Jillane,Benita.Jillane@yopmail.com,Benita.Jillane@gmail.com,developer
713,Aigneis,Heidt,Aigneis.Heidt@yopmail.com,Aigneis.Heidt@gmail.com,developer
714,Cacilie,Hunfredo,Cacilie.Hunfredo@yopmail.com,Cacilie.Hunfredo@gmail.com,developer
715,Stevana,Ovid,Stevana.Ovid@yopmail.com,Stevana.Ovid@gmail.com,police officer
716,Jacquetta,Swigart,Jacquetta.Swigart@yopmail.com,Jacquetta.Swigart@gmail.com,firefighter
717,Agnese,Kristi,Agnese.Kristi@yopmail.com,Agnese.Kristi@gmail.com,developer
718,Esmeralda,Chapland,Esmeralda.Chapland@yopmail.com,Esmeralda.Chapland@gmail.com,firefighter
719,Marinna,Bluh,Marinna.Bluh@yopmail.com,Marinna.Bluh@gmail.com,firefighter
720,Deloria,Hedve,Deloria.Hedve@yopmail.com,Deloria.Hedve@gmail.com,firefighter
721,Asia,Raimondo,Asia.Raimondo@yopmail.com,Asia.Raimondo@gmail.com,developer
722,Beth,Myrilla,Beth.Myrilla@yopmail.com,Beth.Myrilla@gmail.com,developer
723,Robinia,Fabiola,Robinia.Fabiola@yopmail.com,Robinia.Fabiola@gmail.com,firefighter
724,Sallie,Mike,Sallie.Mike@yopmail.com,Sallie.Mike@gmail.com,worker
725,Nerta,Bryna,Nerta.Bryna@yopmail.com,Nerta.Bryna@gmail.com,developer
726,Gavrielle,Sholley,Gavrielle.Sholley@yopmail.com,Gavrielle.Sholley@gmail.com,firefighter
727,Vivia,Zaslow,Vivia.Zaslow@yopmail.com,Vivia.Zaslow@gmail.com,developer
728,Ivett,Lissi,Ivett.Lissi@yopmail.com,Ivett.Lissi@gmail.com,developer
729,Genovera,Kiyoshi,Genovera.Kiyoshi@yopmail.com,Genovera.Kiyoshi@gmail.com,police officer
730,Maisey,Erskine,Maisey.Erskine@yopmail.com,Maisey.Erskine@gmail.com,doctor
731,Kaia,Kress,Kaia.Kress@yopmail.com,Kaia.Kress@gmail.com,police officer
732,Annaliese,Borrell,Annaliese.Borrell@yopmail.com,Annaliese.Borrell@gmail.com,worker
733,Valera,Westphal,Valera.Westphal@yopmail.com,Valera.Westphal@gmail.com,doctor
734,Melina,Fancie,Melina.Fancie@yopmail.com,Melina.Fancie@gmail.com,doctor
735,Edith,Gombach,Edith.Gombach@yopmail.com,Edith.Gombach@gmail.com,firefighter
736,Clo,Verger,Clo.Verger@yopmail.com,Clo.Verger@gmail.com,police officer
737,Millie,Frodi,Millie.Frodi@yopmail.com,Millie.Frodi@gmail.com,worker
738,Corina,Hartnett,Corina.Hartnett@yopmail.com,Corina.Hartnett@gmail.com,firefighter
739,Paola,Judye,Paola.Judye@yopmail.com,Paola.Judye@gmail.com,developer
740,Ethel,Berl,Ethel.Berl@yopmail.com,Ethel.Berl@gmail.com,doctor
741,Lorne,Cullin,Lorne.Cullin@yopmail.com,Lorne.Cullin@gmail.com,firefighter
742,Arlina,Seligman,Arlina.Seligman@yopmail.com,Arlina.Seligman@gmail.com,doctor
743,Amara,Jillane,Amara.Jillane@yopmail.com,Amara.Jillane@gmail.com,firefighter
744,Violet,Bronk,Violet.Bronk@yopmail.com,Violet.Bronk@gmail.com,worker
745,Vinita,Maisey,Vinita.Maisey@yopmail.com,Vinita.Maisey@gmail.com,doctor
746,Kassey,Douglass,Kassey.Douglass@yopmail.com,Kassey.Douglass@gmail.com,firefighter
747,Elka,Vivle,Elka.Vivle@yopmail.com,Elka.Vivle@gmail.com,police officer
748,Joane,Erb,Joane.Erb@yopmail.com,Joane.Erb@gmail.com,developer
749,Andree,Alrich,Andree.Alrich@yopmail.com,Andree.Alrich@gmail.com,worker
750,Bill,Liebermann,Bill.Liebermann@yopmail.com,Bill.Liebermann@gmail.com,doctor
751,Gratia,Berard,Gratia.Berard@yopmail.com,Gratia.Berard@gmail.com,worker
752,Cecile,Bettine,Cecile.Bettine@yopmail.com,Cecile.Bettine@gmail.com,worker
753,Tera,Rona,Tera.Rona@yopmail.com,Tera.Rona@gmail.com,police officer
754,Feliza,Daegal,Feliza.Daegal@yopmail.com,Feliza.Daegal@gmail.com,police officer
755,Nerta,Prouty,Nerta.Prouty@yopmail.com,Nerta.Prouty@gmail.com,doctor
756,Rani,Wind,Rani.Wind@yopmail.com,Rani.Wind@gmail.com,doctor
757,Minda,Odell,Minda.Odell@yopmail.com,Minda.Odell@gmail.com,worker
758,Corry,Mott,Corry.Mott@yopmail.com,Corry.Mott@gmail.com,police officer
759,Gianina,Center,Gianina.Center@yopmail.com,Gianina.Center@gmail.com,firefighter
760,Emma,Justinn,Emma.Justinn@yopmail.com,Emma.Justinn@gmail.com,worker
761,Babita,Pearse,Babita.Pearse@yopmail.com,Babita.Pearse@gmail.com,police officer
762,Rochette,Toffic,Rochette.Toffic@yopmail.com,Rochette.Toffic@gmail.com,police officer
763,Trudie,Rhu,Trudie.Rhu@yopmail.com,Trudie.Rhu@gmail.com,worker
764,Josephine,Stav,Josephine.Stav@yopmail.com,Josephine.Stav@gmail.com,worker
765,Jaime,Warthman,Jaime.Warthman@yopmail.com,Jaime.Warthman@gmail.com,police officer
766,Jan,Socha,Jan.Socha@yopmail.com,Jan.Socha@gmail.com,firefighter
767,Correy,Serilda,Correy.Serilda@yopmail.com,Correy.Serilda@gmail.com,worker
768,Kimberley,Mata,Kimberley.Mata@yopmail.com,Kimberley.Mata@gmail.com,doctor
769,Dianemarie,Loeb,Dianemarie.Loeb@yopmail.com,Dianemarie.Loeb@gmail.com,police officer
770,Darci,Thomasina,Darci.Thomasina@yopmail.com,Darci.Thomasina@gmail.com,doctor
771,Andeee,Grayce,Andeee.Grayce@yopmail.com,Andeee.Grayce@gmail.com,firefighter
772,Sean,Neva,Sean.Neva@yopmail.com,Sean.Neva@gmail.com,police officer
773,Bettine,Dominy,Bettine.Dominy@yopmail.com,Bettine.Dominy@gmail.com,police officer
774,Elsie,Erminia,Elsie.Erminia@yopmail.com,Elsie.Erminia@gmail.com,police officer
775,Brena,Aldric,Brena.Aldric@yopmail.com,Brena.Aldric@gmail.com,police officer
776,Jobi,Thornburg,Jobi.Thornburg@yopmail.com,Jobi.Thornburg@gmail.com,doctor
777,Valera,Tippets,Valera.Tippets@yopmail.com,Valera.Tippets@gmail.com,firefighter
778,Sharai,Francyne,Sharai.Francyne@yopmail.com,Sharai.Francyne@gmail.com,worker
779,Margette,Jethro,Margette.Jethro@yopmail.com,Margette.Jethro@gmail.com,police officer
780,Chastity,Gusella,Chastity.Gusella@yopmail.com,Chastity.Gusella@gmail.com,police officer
781,Leanna,Septima,Leanna.Septima@yopmail.com,Leanna.Septima@gmail.com,police officer
782,Fanny,Faria,Fanny.Faria@yopmail.com,Fanny.Faria@gmail.com,firefighter
783,Jennica,Maryanne,Jennica.Maryanne@yopmail.com,Jennica.Maryanne@gmail.com,developer
784,Robbi,Christine,Robbi.Christine@yopmail.com,Robbi.Christine@gmail.com,doctor
785,Sissy,Fink,Sissy.Fink@yopmail.com,Sissy.Fink@gmail.com,doctor
786,Marjie,Morrill,Marjie.Morrill@yopmail.com,Marjie.Morrill@gmail.com,developer
787,Jillayne,Standing,Jillayne.Standing@yopmail.com,Jillayne.Standing@gmail.com,firefighter
788,Basia,Carolin,Basia.Carolin@yopmail.com,Basia.Carolin@gmail.com,police officer
789,Bobinette,Wyn,Bobinette.Wyn@yopmail.com,Bobinette.Wyn@gmail.com,firefighter
790,Emilia,Tufts,Emilia.Tufts@yopmail.com,Emilia.Tufts@gmail.com,police officer
791,Sibella,Dielu,Sibella.Dielu@yopmail.com,Sibella.Dielu@gmail.com,police officer
792,Nicoli,Bearnard,Nicoli.Bearnard@yopmail.com,Nicoli.Bearnard@gmail.com,police officer
793,Annecorinne,Alrich,Annecorinne.Alrich@yopmail.com,Annecorinne.Alrich@gmail.com,police officer
794,Doro,Taam,Doro.Taam@yopmail.com,Doro.Taam@gmail.com,firefighter
795,Tani,Nikaniki,Tani.Nikaniki@yopmail.com,Tani.Nikaniki@gmail.com,doctor
796,Brandise,Felecia,Brandise.Felecia@yopmail.com,Brandise.Felecia@gmail.com,firefighter
797,Gerianna,Stanwood,Gerianna.Stanwood@yopmail.com,Gerianna.Stanwood@gmail.com,police officer
798,Margalo,Goth,Margalo.Goth@yopmail.com,Margalo.Goth@gmail.com,doctor
799,Lorie,Danby,Lorie.Danby@yopmail.com,Lorie.Danby@gmail.com,police officer
800,Sadie,Ahab,Sadie.Ahab@yopmail.com,Sadie.Ahab@gmail.com,developer
801,Gusty,Fabiola,Gusty.Fabiola@yopmail.com,Gusty.Fabiola@gmail.com,worker
802,Georgetta,Wiener,Georgetta.Wiener@yopmail.com,Georgetta.Wiener@gmail.com,firefighter
803,Carly,Pitt,Carly.Pitt@yopmail.com,Carly.Pitt@gmail.com,doctor
804,Kelly,Warthman,Kelly.Warthman@yopmail.com,Kelly.Warthman@gmail.com,worker
805,Elie,Morrill,Elie.Morrill@yopmail.com,Elie.Morrill@gmail.com,police officer
806,Kathi,Reneta,Kathi.Reneta@yopmail.com,Kathi.Reneta@gmail.com,police officer
807,Jany,Buckler,Jany.Buckler@yopmail.com,Jany.Buckler@gmail.com,worker
808,Starla,Korey,Starla.Korey@yopmail.com,Starla.Korey@gmail.com,developer
809,Cacilie,Erskine,Cacilie.Erskine@yopmail.com,Cacilie.Erskine@gmail.com,firefighter
810,Chere,Birdella,Chere.Birdella@yopmail.com,Chere.Birdella@gmail.com,developer
811,Calla,Brotherson,Calla.Brotherson@yopmail.com,Calla.Brotherson@gmail.com,developer
812,Fanny,Tacye,Fanny.Tacye@yopmail.com,Fanny.Tacye@gmail.com,worker
813,Georgetta,Rosalba,Georgetta.Rosalba@yopmail.com,Georgetta.Rosalba@gmail.com,doctor
814,Lelah,Schalles,Lelah.Schalles@yopmail.com,Lelah.Schalles@gmail.com,worker
815,Annecorinne,Remmer,Annecorinne.Remmer@yopmail.com,Annecorinne.Remmer@gmail.com,developer
816,Cacilie,Diann,Cacilie.Diann@yopmail.com,Cacilie.Diann@gmail.com,worker
817,Corry,Maurine,Corry.Maurine@yopmail.com,Corry.Maurine@gmail.com,police officer
818,Gloria,Maribeth,Gloria.Maribeth@yopmail.com,Gloria.Maribeth@gmail.com,police officer
819,Neila,Lamoree,Neila.Lamoree@yopmail.com,Neila.Lamoree@gmail.com,firefighter
820,Ileana,Standing,Ileana.Standing@yopmail.com,Ileana.Standing@gmail.com,doctor
821,Queenie,Haerr,Queenie.Haerr@yopmail.com,Queenie.Haerr@gmail.com,developer
822,Malina,Tryck,Malina.Tryck@yopmail.com,Malina.Tryck@gmail.com,police officer
823,Zsa Zsa,Geffner,Zsa Zsa.Geffner@yopmail.com,Zsa Zsa.Geffner@gmail.com,doctor
824,Merci,Jenness,Merci.Jenness@yopmail.com,Merci.Jenness@gmail.com,doctor
825,Bernie,Johanna,Bernie.Johanna@yopmail.com,Bernie.Johanna@gmail.com,worker
826,Kimmy,Selway,Kimmy.Selway@yopmail.com,Kimmy.Selway@gmail.com,worker
827,Margette,Ovid,Margette.Ovid@yopmail.com,Margette.Ovid@gmail.com,developer
828,Bee,Ralfston,Bee.Ralfston@yopmail.com,Bee.Ralfston@gmail.com,police officer
829,Sonni,Norrie,Sonni.Norrie@yopmail.com,Sonni.Norrie@gmail.com,doctor
830,Genovera,Gombach,Genovera.Gombach@yopmail.com,Genovera.Gombach@gmail.com,firefighter
831,Ileana,Chauncey,Ileana.Chauncey@yopmail.com,Ileana.Chauncey@gmail.com,worker
832,Shell,Evvie,Shell.Evvie@yopmail.com,Shell.Evvie@gmail.com,worker
833,Jobi,Freddi,Jobi.Freddi@yopmail.com,Jobi.Freddi@gmail.com,doctor
834,Gloria,Hedve,Gloria.Hedve@yopmail.com,Gloria.Hedve@gmail.com,police officer
835,Vita,Doig,Vita.Doig@yopmail.com,Vita.Doig@gmail.com,firefighter
836,Sallie,Jess,Sallie.Jess@yopmail.com,Sallie.Jess@gmail.com,worker
837,Luci,Selway,Luci.Selway@yopmail.com,Luci.Selway@gmail.com,firefighter
838,Rochette,Read,Rochette.Read@yopmail.com,Rochette.Read@gmail.com,firefighter
839,Therine,Casimir,Therine.Casimir@yopmail.com,Therine.Casimir@gmail.com,doctor
840,Marita,Mallon,Marita.Mallon@yopmail.com,Marita.Mallon@gmail.com,developer
841,Chandra,Mehalek,Chandra.Mehalek@yopmail.com,Chandra.Mehalek@gmail.com,doctor
842,Letizia,Ogren,Letizia.Ogren@yopmail.com,Letizia.Ogren@gmail.com,firefighter
843,Jorry,Wiener,Jorry.Wiener@yopmail.com,Jorry.Wiener@gmail.com,police officer
844,Larine,Han,Larine.Han@yopmail.com,Larine.Han@gmail.com,police officer
845,Jessy,Graig,Jessy.Graig@yopmail.com,Jessy.Graig@gmail.com,firefighter
846,Averyl,Bertold,Averyl.Bertold@yopmail.com,Averyl.Bertold@gmail.com,firefighter
847,Helsa,Korey,Helsa.Korey@yopmail.com,Helsa.Korey@gmail.com,firefighter
848,Selia,Woodberry,Selia.Woodberry@yopmail.com,Selia.Woodberry@gmail.com,firefighter
849,Sophia,Shanley,Sophia.Shanley@yopmail.com,Sophia.Shanley@gmail.com,police officer
850,Oona,Saree,Oona.Saree@yopmail.com,Oona.Saree@gmail.com,doctor
851,Vita,Beebe,Vita.Beebe@yopmail.com,Vita.Beebe@gmail.com,police officer
852,Perry,Colp,Perry.Colp@yopmail.com,Perry.Colp@gmail.com,worker
853,Bill,Iiette,Bill.Iiette@yopmail.com,Bill.Iiette@gmail.com,firefighter
854,Lacie,Azeria,Lacie.Azeria@yopmail.com,Lacie.Azeria@gmail.com,firefighter
855,Oralee,Doig,Oralee.Doig@yopmail.com,Oralee.Doig@gmail.com,developer
856,Demetris,Aloise,Demetris.Aloise@yopmail.com,Demetris.Aloise@gmail.com,doctor
857,Meriel,Edison,Meriel.Edison@yopmail.com,Meriel.Edison@gmail.com,developer
858,Linet,Nikaniki,Linet.Nikaniki@yopmail.com,Linet.Nikaniki@gmail.com,developer
859,Jessy,Neva,Jessy.Neva@yopmail.com,Jessy.Neva@gmail.com,police officer
860,Melina,Wooster,Melina.Wooster@yopmail.com,Melina.Wooster@gmail.com,police officer
861,Sibella,Ailyn,Sibella.Ailyn@yopmail.com,Sibella.Ailyn@gmail.com,doctor
862,Constance,Denis,Constance.Denis@yopmail.com,Constance.Denis@gmail.com,doctor
863,Bernie,Sparhawk,Bernie.Sparhawk@yopmail.com,Bernie.Sparhawk@gmail.com,doctor
864,Ethel,Gaal,Ethel.Gaal@yopmail.com,Ethel.Gaal@gmail.com,firefighter
865,Dacia,Felecia,Dacia.Felecia@yopmail.com,Dacia.Felecia@gmail.com,worker
866,Lory,O'Rourke,Lory.O'Rourke@yopmail.com,Lory.O'Rourke@gmail.com,doctor
867,Penelopa,Hailee,Penelopa.Hailee@yopmail.com,Penelopa.Hailee@gmail.com,worker
868,Deloria,Tound,Deloria.Tound@yopmail.com,Deloria.Tound@gmail.com,doctor
869,Violet,Guthrie,Violet.Guthrie@yopmail.com,Violet.Guthrie@gmail.com,police officer
870,Jobi,Rodmann,Jobi.Rodmann@yopmail.com,Jobi.Rodmann@gmail.com,firefighter
871,Sharai,Bari,Sharai.Bari@yopmail.com,Sharai.Bari@gmail.com,worker
872,Tonia,Chandler,Tonia.Chandler@yopmail.com,Tonia.Chandler@gmail.com,firefighter
873,Agathe,Marden,Agathe.Marden@yopmail.com,Agathe.Marden@gmail.com,doctor
874,Neila,Alejoa,Neila.Alejoa@yopmail.com,Neila.Alejoa@gmail.com,worker
875,Fanny,Belldas,Fanny.Belldas@yopmail.com,Fanny.Belldas@gmail.com,worker
876,Betta,Terrence,Betta.Terrence@yopmail.com,Betta.Terrence@gmail.com,developer
877,Kore,Wenda,Kore.Wenda@yopmail.com,Kore.Wenda@gmail.com,developer
878,Frieda,Andrel,Frieda.Andrel@yopmail.com,Frieda.Andrel@gmail.com,doctor
879,Etta,Orlene,Etta.Orlene@yopmail.com,Etta.Orlene@gmail.com,police officer
880,Betta,Seligman,Betta.Seligman@yopmail.com,Betta.Seligman@gmail.com,police officer
881,Sue,Jotham,Sue.Jotham@yopmail.com,Sue.Jotham@gmail.com,police officer
882,Justinn,Christine,Justinn.Christine@yopmail.com,Justinn.Christine@gmail.com,police officer
883,Britni,Secrest,Britni.Secrest@yopmail.com,Britni.Secrest@gmail.com,worker
884,Annecorinne,Cutlerr,Annecorinne.Cutlerr@yopmail.com,Annecorinne.Cutlerr@gmail.com,police officer
885,Winny,Oscar,Winny.Oscar@yopmail.com,Winny.Oscar@gmail.com,doctor
886,Amelia,Voletta,Amelia.Voletta@yopmail.com,Amelia.Voletta@gmail.com,firefighter
887,Caressa,Ajay,Caressa.Ajay@yopmail.com,Caressa.Ajay@gmail.com,firefighter
888,Cyb,Belanger,Cyb.Belanger@yopmail.com,Cyb.Belanger@gmail.com,police officer
889,Alie,Strephon,Alie.Strephon@yopmail.com,Alie.Strephon@gmail.com,worker
890,Charmaine,Lymann,Charmaine.Lymann@yopmail.com,Charmaine.Lymann@gmail.com,police officer
891,Codie,Koziara,Codie.Koziara@yopmail.com,Codie.Koziara@gmail.com,doctor
892,Lulita,Burnside,Lulita.Burnside@yopmail.com,Lulita.Burnside@gmail.com,police officer
893,Judy,Sprage,Judy.Sprage@yopmail.com,Judy.Sprage@gmail.com,police officer
894,Frieda,Ivens,Frieda.Ivens@yopmail.com,Frieda.Ivens@gmail.com,police officer
895,Dorthy,Merna,Dorthy.Merna@yopmail.com,Dorthy.Merna@gmail.com,doctor
896,Laurene,Travax,Laurene.Travax@yopmail.com,Laurene.Travax@gmail.com,developer
897,Ida,Elo,Ida.Elo@yopmail.com,Ida.Elo@gmail.com,developer
898,Nonnah,Lorenz,Nonnah.Lorenz@yopmail.com,Nonnah.Lorenz@gmail.com,doctor
899,Celene,Anyah,Celene.Anyah@yopmail.com,Celene.Anyah@gmail.com,firefighter
900,Ernesta,Land,Ernesta.Land@yopmail.com,Ernesta.Land@gmail.com,worker
901,Dominga,Liva,Dominga.Liva@yopmail.com,Dominga.Liva@gmail.com,developer
902,Sharlene,Fiester,Sharlene.Fiester@yopmail.com,Sharlene.Fiester@gmail.com,doctor
903,Sharai,Fredi,Sharai.Fredi@yopmail.com,Sharai.Fredi@gmail.com,developer
904,Bettine,Tomasina,Bettine.Tomasina@yopmail.com,Bettine.Tomasina@gmail.com,developer
905,Ida,Ietta,Ida.Ietta@yopmail.com,Ida.Ietta@gmail.com,worker
906,Gloria,Taam,Gloria.Taam@yopmail.com,Gloria.Taam@gmail.com,police officer
907,Rochette,Lorenz,Rochette.Lorenz@yopmail.com,Rochette.Lorenz@gmail.com,police officer
908,Thalia,Ferino,Thalia.Ferino@yopmail.com,Thalia.Ferino@gmail.com,police officer
909,Linzy,Pond,Linzy.Pond@yopmail.com,Linzy.Pond@gmail.com,police officer
910,Cacilie,Bluh,Cacilie.Bluh@yopmail.com,Cacilie.Bluh@gmail.com,doctor
911,Lilith,Killigrew,Lilith.Killigrew@yopmail.com,Lilith.Killigrew@gmail.com,police officer
912,Chloris,Hylan,Chloris.Hylan@yopmail.com,Chloris.Hylan@gmail.com,firefighter
913,Ayn,Gavrila,Ayn.Gavrila@yopmail.com,Ayn.Gavrila@gmail.com,developer
914,Juliane,Belanger,Juliane.Belanger@yopmail.com,Juliane.Belanger@gmail.com,worker
915,Shaine,Alfons,Shaine.Alfons@yopmail.com,Shaine.Alfons@gmail.com,doctor
916,Gerianna,Anastatius,Gerianna.Anastatius@yopmail.com,Gerianna.Anastatius@gmail.com,firefighter
917,Lizzie,Kravits,Lizzie.Kravits@yopmail.com,Lizzie.Kravits@gmail.com,police officer
918,Jobi,Bollay,Jobi.Bollay@yopmail.com,Jobi.Bollay@gmail.com,police officer
919,Paulita,Daniele,Paulita.Daniele@yopmail.com,Paulita.Daniele@gmail.com,firefighter
920,Emylee,Abram,Emylee.Abram@yopmail.com,Emylee.Abram@gmail.com,developer
921,Yetty,Alwin,Yetty.Alwin@yopmail.com,Yetty.Alwin@gmail.com,firefighter
922,Leontine,Paine,Leontine.Paine@yopmail.com,Leontine.Paine@gmail.com,worker
923,Jere,Abernon,Jere.Abernon@yopmail.com,Jere.Abernon@gmail.com,developer
924,Shauna,Schonfeld,Shauna.Schonfeld@yopmail.com,Shauna.Schonfeld@gmail.com,developer
925,Carolina,Bates,Carolina.Bates@yopmail.com,Carolina.Bates@gmail.com,firefighter
926,Candy,Martguerita,Candy.Martguerita@yopmail.com,Candy.Martguerita@gmail.com,doctor
927,Libbie,Cookie,Libbie.Cookie@yopmail.com,Libbie.Cookie@gmail.com,worker
928,Latisha,Berne,Latisha.Berne@yopmail.com,Latisha.Berne@gmail.com,firefighter
929,Adriana,Mayeda,Adriana.Mayeda@yopmail.com,Adriana.Mayeda@gmail.com,police officer
930,Judy,Daniele,Judy.Daniele@yopmail.com,Judy.Daniele@gmail.com,police officer
931,Merry,Engdahl,Merry.Engdahl@yopmail.com,Merry.Engdahl@gmail.com,worker
932,Millie,Latini,Millie.Latini@yopmail.com,Millie.Latini@gmail.com,police officer
933,Glenda,Danby,Glenda.Danby@yopmail.com,Glenda.Danby@gmail.com,developer
934,Elena,Infield,Elena.Infield@yopmail.com,Elena.Infield@gmail.com,doctor
935,Kellen,Esmaria,Kellen.Esmaria@yopmail.com,Kellen.Esmaria@gmail.com,developer
936,Janis,Quinn,Janis.Quinn@yopmail.com,Janis.Quinn@gmail.com,firefighter
937,Roberta,Huggins,Roberta.Huggins@yopmail.com,Roberta.Huggins@gmail.com,worker
938,Etta,Jotham,Etta.Jotham@yopmail.com,Etta.Jotham@gmail.com,doctor
939,Almeta,Bow,Almeta.Bow@yopmail.com,Almeta.Bow@gmail.com,police officer
940,Giustina,Rona,Giustina.Rona@yopmail.com,Giustina.Rona@gmail.com,doctor
941,Gabriellia,Thornburg,Gabriellia.Thornburg@yopmail.com,Gabriellia.Thornburg@gmail.com,police officer
942,Kylynn,Goerke,Kylynn.Goerke@yopmail.com,Kylynn.Goerke@gmail.com,developer
943,Blinni,Goth,Blinni.Goth@yopmail.com,Blinni.Goth@gmail.com,doctor
944,Leia,Rocray,Leia.Rocray@yopmail.com,Leia.Rocray@gmail.com,doctor
945,Madalyn,Goerke,Madalyn.Goerke@yopmail.com,Madalyn.Goerke@gmail.com,police officer
946,Consuela,Haldas,Consuela.Haldas@yopmail.com,Consuela.Haldas@gmail.com,doctor
947,Jinny,Lamoree,Jinny.Lamoree@yopmail.com,Jinny.Lamoree@gmail.com,police officer
948,Nelle,Gert,Nelle.Gert@yopmail.com,Nelle.Gert@gmail.com,firefighter
949,Susan,Poppy,Susan.Poppy@yopmail.com,Susan.Poppy@gmail.com,doctor
950,Mireielle,Halla,Mireielle.Halla@yopmail.com,Mireielle.Halla@gmail.com,police officer
951,Cathie,Wildermuth,Cathie.Wildermuth@yopmail.com,Cathie.Wildermuth@gmail.com,worker
952,Kelly,Raychel,Kelly.Raychel@yopmail.com,Kelly.Raychel@gmail.com,police officer
953,Courtnay,Donoghue,Courtnay.Donoghue@yopmail.com,Courtnay.Donoghue@gmail.com,developer
954,Taffy,Tryck,Taffy.Tryck@yopmail.com,Taffy.Tryck@gmail.com,developer
955,Diena,Buttaro,Diena.Buttaro@yopmail.com,Diena.Buttaro@gmail.com,doctor
956,Alisha,Lumbard,Alisha.Lumbard@yopmail.com,Alisha.Lumbard@gmail.com,firefighter
957,Elfreda,Charity,Elfreda.Charity@yopmail.com,Elfreda.Charity@gmail.com,doctor
958,Lilith,Weide,Lilith.Weide@yopmail.com,Lilith.Weide@gmail.com,developer
959,Marika,Desai,Marika.Desai@yopmail.com,Marika.Desai@gmail.com,worker
960,Olivette,McGrody,Olivette.McGrody@yopmail.com,Olivette.McGrody@gmail.com,worker
961,Sean,Magdalen,Sean.Magdalen@yopmail.com,Sean.Magdalen@gmail.com,worker
962,Angelique,Greyson,Angelique.Greyson@yopmail.com,Angelique.Greyson@gmail.com,developer
963,Belinda,Henrie,Belinda.Henrie@yopmail.com,Belinda.Henrie@gmail.com,firefighter
964,Cyndie,Moseley,Cyndie.Moseley@yopmail.com,Cyndie.Moseley@gmail.com,firefighter
965,Krystle,Belanger,Krystle.Belanger@yopmail.com,Krystle.Belanger@gmail.com,police officer
966,Rosaline,Natalia,Rosaline.Natalia@yopmail.com,Rosaline.Natalia@gmail.com,doctor
967,Sara-Ann,Lorain,Sara-Ann.Lorain@yopmail.com,Sara-Ann.Lorain@gmail.com,worker
968,Elsie,Imelida,Elsie.Imelida@yopmail.com,Elsie.Imelida@gmail.com,doctor
969,Shaylyn,Dorcy,Shaylyn.Dorcy@yopmail.com,Shaylyn.Dorcy@gmail.com,firefighter
970,Janis,Mathilde,Janis.Mathilde@yopmail.com,Janis.Mathilde@gmail.com,police officer
971,Janis,Ellord,Janis.Ellord@yopmail.com,Janis.Ellord@gmail.com,worker
972,Angelique,Dermott,Angelique.Dermott@yopmail.com,Angelique.Dermott@gmail.com,police officer
973,Bill,Creamer,Bill.Creamer@yopmail.com,Bill.Creamer@gmail.com,developer
974,Donnie,Corabella,Donnie.Corabella@yopmail.com,Donnie.Corabella@gmail.com,developer
975,Joane,Rogerio,Joane.Rogerio@yopmail.com,Joane.Rogerio@gmail.com,worker
976,Hyacinthe,Brian,Hyacinthe.Brian@yopmail.com,Hyacinthe.Brian@gmail.com,developer
977,Ursulina,Wattenberg,Ursulina.Wattenberg@yopmail.com,Ursulina.Wattenberg@gmail.com,worker
978,Evaleen,Macey,Evaleen.Macey@yopmail.com,Evaleen.Macey@gmail.com,firefighter
979,Aigneis,Septima,Aigneis.Septima@yopmail.com,Aigneis.Septima@gmail.com,developer
980,Merrie,Schalles,Merrie.Schalles@yopmail.com,Merrie.Schalles@gmail.com,police officer
981,Deirdre,Robertson,Deirdre.Robertson@yopmail.com,Deirdre.Robertson@gmail.com,developer
982,Leontine,Clarissa,Leontine.Clarissa@yopmail.com,Leontine.Clarissa@gmail.com,police officer
983,Sadie,Armanda,Sadie.Armanda@yopmail.com,Sadie.Armanda@gmail.com,police officer
984,Frances,O'Neill,Frances.O'Neill@yopmail.com,Frances.O'Neill@gmail.com,worker
985,Ninnetta,Phi,Ninnetta.Phi@yopmail.com,Ninnetta.Phi@gmail.com,police officer
986,Rebeca,Pozzy,Rebeca.Pozzy@yopmail.com,Rebeca.Pozzy@gmail.com,firefighter
987,Marline,Hoban,Marline.Hoban@yopmail.com,Marline.Hoban@gmail.com,firefighter
988,Jany,Kiersten,Jany.Kiersten@yopmail.com,Jany.Kiersten@gmail.com,doctor
989,Libbie,Ader,Libbie.Ader@yopmail.com,Libbie.Ader@gmail.com,police officer
990,Dulce,Zenas,Dulce.Zenas@yopmail.com,Dulce.Zenas@gmail.com,firefighter
991,Jacenta,Tomasina,Jacenta.Tomasina@yopmail.com,Jacenta.Tomasina@gmail.com,firefighter
992,Jaclyn,Serilda,Jaclyn.Serilda@yopmail.com,Jaclyn.Serilda@gmail.com,police officer
993,Ottilie,Briney,Ottilie.Briney@yopmail.com,Ottilie.Briney@gmail.com,doctor
994,Janenna,Cordi,Janenna.Cordi@yopmail.com,Janenna.Cordi@gmail.com,police officer
995,Janey,Hachmin,Janey.Hachmin@yopmail.com,Janey.Hachmin@gmail.com,developer
996,June,Stacy,June.Stacy@yopmail.com,June.Stacy@gmail.com,doctor
997,Nita,Huggins,Nita.Huggins@yopmail.com,Nita.Huggins@gmail.com,doctor
998,Selia,Tomasina,Selia.Tomasina@yopmail.com,Selia.Tomasina@gmail.com,doctor
999,Louella,Paton,Louella.Paton@yopmail.com,Louella.Paton@gmail.com,worker
1000,Nickie,Casimir,Nickie.Casimir@yopmail.com,Nickie.Casimir@gmail.com,police officer
1001,Arlena,Concha,Arlena.Concha@yopmail.com,Arlena.Concha@gmail.com,police officer
1002,Paule,Rona,Paule.Rona@yopmail.com,Paule.Rona@gmail.com,developer
1003,Therine,Allare,Therine.Allare@yopmail.com,Therine.Allare@gmail.com,doctor
1004,Gilligan,Valoniah,Gilligan.Valoniah@yopmail.com,Gilligan.Valoniah@gmail.com,firefighter
1005,Katharina,Salchunas,Katharina.Salchunas@yopmail.com,Katharina.Salchunas@gmail.com,firefighter
1006,Sibella,Croix,Sibella.Croix@yopmail.com,Sibella.Croix@gmail.com,police officer
1007,Winifred,Herrera,Winifred.Herrera@yopmail.com,Winifred.Herrera@gmail.com,developer
1008,Myrtice,Loring,Myrtice.Loring@yopmail.com,Myrtice.Loring@gmail.com,doctor
1009,Althea,Destinee,Althea.Destinee@yopmail.com,Althea.Destinee@gmail.com,worker
1010,Tina,Old,Tina.Old@yopmail.com,Tina.Old@gmail.com,developer
1011,Sissy,Publia,Sissy.Publia@yopmail.com,Sissy.Publia@gmail.com,police officer
1012,Phylis,Germann,Phylis.Germann@yopmail.com,Phylis.Germann@gmail.com,firefighter
1013,Veda,Eliathas,Veda.Eliathas@yopmail.com,Veda.Eliathas@gmail.com,worker
1014,Danika,Korey,Danika.Korey@yopmail.com,Danika.Korey@gmail.com,developer
1015,Claresta,Cosenza,Claresta.Cosenza@yopmail.com,Claresta.Cosenza@gmail.com,firefighter
1016,Dorice,Posner,Dorice.Posner@yopmail.com,Dorice.Posner@gmail.com,police officer
1017,Jinny,Pitt,Jinny.Pitt@yopmail.com,Jinny.Pitt@gmail.com,firefighter
1018,Abbie,Rad,Abbie.Rad@yopmail.com,Abbie.Rad@gmail.com,police officer
1019,Dari,Hachmin,Dari.Hachmin@yopmail.com,Dari.Hachmin@gmail.com,worker
1020,Linet,Sadowski,Linet.Sadowski@yopmail.com,Linet.Sadowski@gmail.com,worker
1021,Dagmar,Zrike,Dagmar.Zrike@yopmail.com,Dagmar.Zrike@gmail.com,doctor
1022,Cordi,Stav,Cordi.Stav@yopmail.com,Cordi.Stav@gmail.com,police officer
1023,Gusella,Louanna,Gusella.Louanna@yopmail.com,Gusella.Louanna@gmail.com,firefighter
1024,Shannah,Redmond,Shannah.Redmond@yopmail.com,Shannah.Redmond@gmail.com,developer
1025,Silvana,Eugenia,Silvana.Eugenia@yopmail.com,Silvana.Eugenia@gmail.com,police officer
1026,Lolita,Charity,Lolita.Charity@yopmail.com,Lolita.Charity@gmail.com,police officer
1027,Gale,Carolin,Gale.Carolin@yopmail.com,Gale.Carolin@gmail.com,police officer
1028,Blondelle,Richers,Blondelle.Richers@yopmail.com,Blondelle.Richers@gmail.com,doctor
1029,Jean,Seligman,Jean.Seligman@yopmail.com,Jean.Seligman@gmail.com,police officer
1030,Frank,Harday,Frank.Harday@yopmail.com,Frank.Harday@gmail.com,developer
1031,Janis,Gaulin,Janis.Gaulin@yopmail.com,Janis.Gaulin@gmail.com,doctor
1032,Tiffie,Sheng,Tiffie.Sheng@yopmail.com,Tiffie.Sheng@gmail.com,police officer
1033,Bettine,Boycey,Bettine.Boycey@yopmail.com,Bettine.Boycey@gmail.com,doctor
1034,Celestyna,Devlen,Celestyna.Devlen@yopmail.com,Celestyna.Devlen@gmail.com,police officer
1035,Corina,Joachim,Corina.Joachim@yopmail.com,Corina.Joachim@gmail.com,doctor
1036,Tami,Bord,Tami.Bord@yopmail.com,Tami.Bord@gmail.com,doctor
1037,Ilse,Tayib,Ilse.Tayib@yopmail.com,Ilse.Tayib@gmail.com,developer
1038,Dagmar,Sherrie,Dagmar.Sherrie@yopmail.com,Dagmar.Sherrie@gmail.com,doctor
1039,Alyssa,Luhe,Alyssa.Luhe@yopmail.com,Alyssa.Luhe@gmail.com,police officer
1040,Rani,Ciapas,Rani.Ciapas@yopmail.com,Rani.Ciapas@gmail.com,firefighter
1041,Viki,Stevy,Viki.Stevy@yopmail.com,Viki.Stevy@gmail.com,police officer
1042,Doralynne,Elvyn,Doralynne.Elvyn@yopmail.com,Doralynne.Elvyn@gmail.com,firefighter
1043,Linzy,Rooney,Linzy.Rooney@yopmail.com,Linzy.Rooney@gmail.com,worker
1044,Emmey,Lesley,Emmey.Lesley@yopmail.com,Emmey.Lesley@gmail.com,developer
1045,Cindelyn,Juliet,Cindelyn.Juliet@yopmail.com,Cindelyn.Juliet@gmail.com,developer
1046,Verla,Calhoun,Verla.Calhoun@yopmail.com,Verla.Calhoun@gmail.com,doctor
1047,Candy,Florina,Candy.Florina@yopmail.com,Candy.Florina@gmail.com,worker
1048,Kristan,Cressida,Kristan.Cressida@yopmail.com,Kristan.Cressida@gmail.com,firefighter
1049,Candi,Shelba,Candi.Shelba@yopmail.com,Candi.Shelba@gmail.com,developer
1050,Kaia,Grobe,Kaia.Grobe@yopmail.com,Kaia.Grobe@gmail.com,doctor
1051,Ethel,Cullin,Ethel.Cullin@yopmail.com,Ethel.Cullin@gmail.com,worker
1052,Jessamyn,Jerold,Jessamyn.Jerold@yopmail.com,Jessamyn.Jerold@gmail.com,developer
1053,Korrie,Kravits,Korrie.Kravits@yopmail.com,Korrie.Kravits@gmail.com,police officer
1054,Brena,Ethban,Brena.Ethban@yopmail.com,Brena.Ethban@gmail.com,doctor
1055,Elfreda,Mata,Elfreda.Mata@yopmail.com,Elfreda.Mata@gmail.com,worker
1056,Lorenza,Marcellus,Lorenza.Marcellus@yopmail.com,Lorenza.Marcellus@gmail.com,developer
1057,Sarette,Felecia,Sarette.Felecia@yopmail.com,Sarette.Felecia@gmail.com,developer
1058,Britte,Sherfield,Britte.Sherfield@yopmail.com,Britte.Sherfield@gmail.com,worker
1059,Jaclyn,Glovsky,Jaclyn.Glovsky@yopmail.com,Jaclyn.Glovsky@gmail.com,police officer
1060,Aurore,Raama,Aurore.Raama@yopmail.com,Aurore.Raama@gmail.com,developer
1061,Ermengarde,Jorgan,Ermengarde.Jorgan@yopmail.com,Ermengarde.Jorgan@gmail.com,doctor
1062,Doro,Tillford,Doro.Tillford@yopmail.com,Doro.Tillford@gmail.com,doctor
1063,Aigneis,Tacye,Aigneis.Tacye@yopmail.com,Aigneis.Tacye@gmail.com,developer
1064,Delilah,Willie,Delilah.Willie@yopmail.com,Delilah.Willie@gmail.com,worker
1065,Annecorinne,Kaete,Annecorinne.Kaete@yopmail.com,Annecorinne.Kaete@gmail.com,police officer
1066,Ann-Marie,Boehike,Ann-Marie.Boehike@yopmail.com,Ann-Marie.Boehike@gmail.com,firefighter
1067,Dania,Schlosser,Dania.Schlosser@yopmail.com,Dania.Schlosser@gmail.com,police officer
1068,Sharlene,Waite,Sharlene.Waite@yopmail.com,Sharlene.Waite@gmail.com,firefighter
1069,Laurene,Concha,Laurene.Concha@yopmail.com,Laurene.Concha@gmail.com,police officer
1070,Rayna,Hortensia,Rayna.Hortensia@yopmail.com,Rayna.Hortensia@gmail.com,doctor
1071,Ermengarde,Bluh,Ermengarde.Bluh@yopmail.com,Ermengarde.Bluh@gmail.com,developer
1072,Asia,Blisse,Asia.Blisse@yopmail.com,Asia.Blisse@gmail.com,developer
1073,Madeleine,Nedrud,Madeleine.Nedrud@yopmail.com,Madeleine.Nedrud@gmail.com,doctor
1074,Robbi,Lanita,Robbi.Lanita@yopmail.com,Robbi.Lanita@gmail.com,worker
1075,Tatiania,Angelis,Tatiania.Angelis@yopmail.com,Tatiania.Angelis@gmail.com,worker
1076,Genevra,Riordan,Genevra.Riordan@yopmail.com,Genevra.Riordan@gmail.com,police officer
1077,Bill,Maurine,Bill.Maurine@yopmail.com,Bill.Maurine@gmail.com,developer
1078,Sybille,Pitt,Sybille.Pitt@yopmail.com,Sybille.Pitt@gmail.com,police officer
1079,Xylina,Phi,Xylina.Phi@yopmail.com,Xylina.Phi@gmail.com,developer
1080,Anestassia,Ajay,Anestassia.Ajay@yopmail.com,Anestassia.Ajay@gmail.com,doctor
1081,Lorenza,McCutcheon,Lorenza.McCutcheon@yopmail.com,Lorenza.McCutcheon@gmail.com,worker
1082,Ada,Merriott,Ada.Merriott@yopmail.com,Ada.Merriott@gmail.com,developer
1083,Stacey,Auberbach,Stacey.Auberbach@yopmail.com,Stacey.Auberbach@gmail.com,firefighter
1084,Amii,Travax,Amii.Travax@yopmail.com,Amii.Travax@gmail.com,doctor
1085,Kalina,Love,Kalina.Love@yopmail.com,Kalina.Love@gmail.com,doctor
1086,Tera,Bertold,Tera.Bertold@yopmail.com,Tera.Bertold@gmail.com,firefighter
1087,Carly,Danby,Carly.Danby@yopmail.com,Carly.Danby@gmail.com,police officer
1088,Catharine,Wiener,Catharine.Wiener@yopmail.com,Catharine.Wiener@gmail.com,police officer
1089,Lauryn,Fax,Lauryn.Fax@yopmail.com,Lauryn.Fax@gmail.com,developer
1090,Mignon,Henebry,Mignon.Henebry@yopmail.com,Mignon.Henebry@gmail.com,police officer
1091,Ofilia,Thad,Ofilia.Thad@yopmail.com,Ofilia.Thad@gmail.com,developer
1092,Collen,Yorick,Collen.Yorick@yopmail.com,Collen.Yorick@gmail.com,police officer
1093,Dorthy,Lutero,Dorthy.Lutero@yopmail.com,Dorthy.Lutero@gmail.com,worker
1094,Joeann,Barney,Joeann.Barney@yopmail.com,Joeann.Barney@gmail.com,developer
1095,Daune,Dielu,Daune.Dielu@yopmail.com,Daune.Dielu@gmail.com,worker
1096,Coral,Adore,Coral.Adore@yopmail.com,Coral.Adore@gmail.com,doctor
1097,Johna,Borrell,Johna.Borrell@yopmail.com,Johna.Borrell@gmail.com,doctor
1098,Selma,Hedve,Selma.Hedve@yopmail.com,Selma.Hedve@gmail.com,firefighter
1099,Ethel,Johanna,Ethel.Johanna@yopmail.com,Ethel.Johanna@gmail.com,police officer